"age","gender","educ","income","religion","state","partyid","slavery","try","favors","deserve","ideo","date","marry","vote","trumpft","clintonft","color2","abtrace","checkemo","treat","treat2","raceresent","oldfash","trumpvote","trumpvclinft"
55,2,3,21,1,11,5,4,2,2,5,4,2,4,2,86,5,"3,5",2,"20",3,1,1.36606851002617,-0.137466869272721,1,81
40,2,5,19,1,50,4,3,4,3,4,7,1,1,3,1,5,"3,5",1,"14",3,1,-0.587841641780507,0.682124536203561,0,-4
58,2,5,18,2,45,4,4,3,2,3,4,1,3,3,10,9,"",1,"20",2,1,0.223651380427251,-0.335366629801002,0,1
51,2,5,24,2,21,6,4,2,2,4,6,1,4,2,84,9,"3,5",2,"20",3,1,0.990046411653211,-0.844112212803283,1,75
61,2,5,10,1,36,6,5,1,1,4,5,4,2,2,82,1,"6",2,"12,4,10",4,1,2.17756153223393,2.29331498379297,1,81
43,1,4,23,5,5,1,2,4,4,2,1,1,5,1,0,60,"3,5",1,"20",4,1,-2.13702802625416,-1.35285779580556,0,-60
65,2,5,6,1,23,1,3,3,3,4,2,1,3,1,0,90,"6",2,"20",2,1,-0.197468708927511,-0.335366629801002,0,-90
62,2,4,6,1,3,4,4,1,1,3,4,2,3,4,11,24,"5",2,"20",2,1,1.45313769959981,0.37127871372956,0,-13
58,2,4,17,3,10,2,4,3,3,2,2,1,5,NA,NA,NA,"",NA,"",NA,NA,-0.601111171412279,-1.35285779580556,NA,NA
65,1,4,21,2,38,6,5,1,1,5,6,1,5,2,85,5,"6",2,"20",3,1,2.5535836306069,-1.35285779580556,1,80
52,2,3,15,1,43,4,5,1,1,5,4,5,1,2,50,1,"3,5",2,"20",5,1,2.5535836306069,3.50870591032581,1,49
65,2,5,13,2,50,5,5,1,1,5,6,1,4,2,80,1,"3,5",2,"20",3,1,2.5535836306069,-0.844112212803283,1,79
55,1,5,17,6,14,1,1,5,5,1,1,1,5,1,5,100,"3,5",1,"20",2,1,-3.70056524520785,-1.35285779580556,0,-95
51,2,4,22,2,5,3,4,2,1,5,4,1,4,1,0,72,"3,5",1,"20",1,0,1.81480896349274,-0.844112212803283,0,-72
43,2,6,21,2,17,2,5,1,1,5,2,3,1,1,0,91,"3,5",1,"20",2,1,2.5535836306069,2.09541522326469,0,-91
44,1,5,25,5,5,4,4,2,2,5,4,1,3,3,40,8,"3,5",2,"20",3,1,1.36606851002617,-0.335366629801002,0,32
51,2,5,18,6,31,4,3,3,3,3,4,3,3,3,52,10,"3,5",NA,"20",3,1,-0.573490807300476,1.07792405726012,0,42
37,2,5,22,2,22,5,4,2,2,4,5,1,5,2,80,31,"3,5",2,"20",5,1,0.990046411653211,-1.35285779580556,1,49
61,2,4,7,1,50,3,3,3,2,4,7,1,2,2,80,6,"3,5",1,"20",5,1,0.251271744539054,0.17337895320128,1,74
55,1,4,18,1,22,1,5,1,1,5,1,1,3,1,0,80,"3,5",2,"20",4,1,2.5535836306069,-0.335366629801002,0,-80
55,2,5,17,1,44,6,4,3,2,4,6,3,2,2,55,32,"3,5",2,"20",5,1,0.599673478800215,1.5866696402624,1,23
56,2,6,19,3,5,7,4,1,1,5,7,3,1,2,70,40,"3,5",1,"20",5,1,2.20518189634574,2.09541522326469,1,30
60,2,5,14,6,39,4,3,3,2,3,4,3,3,3,1,2,"3,5",1,"20",1,0,-0.12475035383391,1.07792405726012,0,-1
56,2,5,18,2,44,4,4,2,2,4,4,4,2,2,84,1,"3,5",2,"20",3,1,0.990046411653211,2.29331498379297,1,83
64,2,4,11,5,28,4,5,2,1,5,7,3,2,2,81,1,"3",2,"20",4,1,2.1632106977539,1.5866696402624,1,80
64,2,5,15,2,26,7,5,1,1,5,7,5,1,2,90,10,"3,5",2,"20",3,1,2.5535836306069,3.50870591032581,1,80
64,1,3,17,5,30,4,5,1,1,4,3,1,3,1,8,91,"3,5",1,"20",5,1,2.17756153223393,-0.335366629801002,0,-83
50,2,4,21,5,33,1,1,5,5,1,1,1,5,1,1,86,"3,5",1,"20",4,1,-3.70056524520785,-1.35285779580556,0,-85
58,1,5,15,2,50,6,4,3,2,2,6,1,3,1,61,79,"5",2,"11,1,3,15,16,18,8,9",1,0,-0.152370717945713,-0.335366629801002,0,-18
48,1,4,23,1,47,4,5,2,1,5,4,2,3,2,77,44,"3,5",2,"20",4,1,2.1632106977539,0.37127871372956,1,33
58,2,5,12,2,10,4,4,4,2,4,4,2,2,3,51,51,"3,6",2,"20",4,1,0.20930054594722,0.880024296731842,0,0
50,2,5,19,2,10,2,2,4,3,3,2,1,5,1,2,87,"3,5",1,"20",4,1,-1.31226547441463,-1.35285779580556,0,-85
61,2,3,24,2,24,5,5,1,1,5,4,1,3,2,100,1,"3,5",2,"20",1,0,2.5535836306069,-0.335366629801002,1,99
60,2,3,16,2,50,2,4,4,2,3,3,2,3,1,37,46,"3,5",1,"20",1,0,-0.166721552425744,0.37127871372956,0,-9
65,2,3,18,1,23,4,4,3,2,4,6,2,4,2,73,1,"3,5",2,"20",2,1,0.599673478800215,-0.137466869272721,1,72
63,2,5,11,2,10,3,4,3,2,4,4,2,3,4,51,51,"3,5",2,"20",3,1,0.599673478800215,0.37127871372956,0,0
51,2,5,18,1,6,6,3,3,2,4,7,1,3,2,54,16,"3,5",2,"20",3,1,0.251271744539054,-0.335366629801002,1,38
55,2,5,20,2,5,1,1,5,4,1,2,1,5,1,0,72,"3,5",1,"20",4,1,-3.25182479174128,-1.35285779580556,0,-72
62,2,3,13,5,48,1,5,3,2,4,4,2,4,4,0,35,"3,5",1,"20",5,1,0.948075213061377,-0.137466869272721,0,-35
57,2,4,17,5,10,1,2,5,4,1,2,1,5,1,1,81,"3,5",1,"20",3,1,-2.90342305748012,-1.35285779580556,0,-80
57,2,5,19,5,31,5,4,3,3,4,5,1,5,3,51,44,"6",2,"20",4,1,0.15093302533365,-1.35285779580556,0,7
37,1,5,19,2,18,4,4,2,2,3,4,1,3,3,30,5,"3,5",1,"20",5,1,0.614024313280246,-0.335366629801002,0,25
39,2,4,18,5,16,2,4,2,1,4,2,1,5,1,12,78,"3,5",1,"20",1,0,1.43878686511978,-1.35285779580556,0,-66
62,2,5,20,3,31,4,3,3,2,3,4,2,2,1,9,50,"3,5",1,"20",2,1,-0.12475035383391,0.880024296731842,0,-41
43,2,4,19,6,17,3,2,4,2,2,4,1,3,1,66,81,"3,5",2,"20",5,1,-1.23954711932103,-0.335366629801002,0,-15
40,2,5,16,1,33,4,4,4,2,4,4,2,3,1,0,85,"3,5",2,"20",4,1,0.20930054594722,0.37127871372956,0,-85
52,2,5,14,5,5,4,3,3,3,4,4,1,5,3,52,58,"3,5",1,"20",2,1,-0.197468708927511,-1.35285779580556,0,-6
64,2,4,20,1,34,6,5,3,2,5,6,4,1,2,95,4,"6",2,"20",1,0,1.32409731143434,2.80206056679525,1,91
61,1,5,17,6,44,5,5,2,1,3,6,1,2,2,69,2,"5",2,"20",2,1,1.41116650100797,0.17337895320128,1,67
43,1,4,16,1,34,7,5,1,1,5,7,5,1,2,100,1,"3,5",1,"20",3,1,2.5535836306069,3.50870591032581,1,99
61,1,6,21,2,23,4,4,2,2,4,4,1,3,3,40,19,"3,5",2,"20",1,0,0.990046411653211,-0.335366629801002,0,21
62,1,4,21,6,1,4,5,1,1,5,4,1,3,4,1,1,"3,5",2,"20",5,1,2.5535836306069,-0.335366629801002,0,0
55,2,3,21,6,5,1,4,3,2,4,1,1,4,1,0,81,"3,5",2,"20",1,0,0.599673478800215,-0.844112212803283,0,-81
50,2,5,17,6,5,4,4,4,2,4,4,2,2,3,39,18,"3,5",2,"20",5,1,0.20930054594722,0.880024296731842,0,21
46,2,4,19,2,5,4,4,4,2,2,7,1,5,4,7,22,"4",1,"20",2,1,-0.542743650798708,-1.35285779580556,0,-15
63,2,4,15,3,33,5,5,3,1,4,7,3,1,4,57,41,"3,5",2,"20",3,1,1.39681566652794,2.09541522326469,0,16
55,1,4,8,6,10,4,5,1,1,5,4,3,1,4,30,30,"3,5",2,"1",5,1,2.5535836306069,2.09541522326469,0,0
56,1,5,8,2,5,1,4,2,1,3,6,1,3,1,4,79,"3,5",1,"20",3,1,1.06276476674681,-0.335366629801002,0,-75
51,2,4,18,2,36,5,5,2,2,3,7,1,3,2,70,0,"3",2,"20",3,1,0.962426047541408,-0.335366629801002,1,70
51,1,4,17,1,15,3,2,4,4,2,3,1,3,1,4,92,"3",1,"20",1,0,-2.13702802625416,-0.335366629801002,0,-88
57,2,4,16,2,14,5,5,2,1,5,4,4,1,2,59,32,"3,5",2,"20",1,0,2.1632106977539,2.80206056679525,1,27
36,2,5,23,1,34,7,5,1,1,5,7,5,1,2,77,NA,"2",2,"20",3,1,2.5535836306069,3.50870591032581,1,NA
57,1,4,11,2,14,1,4,5,3,3,1,1,5,1,1,93,"3,5",2,"20",1,0,-1.0058349387453,-1.35285779580556,0,-92
75,1,4,21,5,10,7,5,1,1,5,7,1,5,2,71,0,"3,5",2,"20",3,1,2.5535836306069,-1.35285779580556,1,71
62,1,4,8,2,44,3,2,4,3,2,3,2,1,1,29,51,"3,5",2,"1,15,9",1,0,-1.6882875727876,1.38876987973412,0,-22
54,2,4,12,2,23,7,2,4,1,3,7,2,3,2,40,1,"3,5",1,"20",5,1,-0.414784567481501,0.37127871372956,1,39
61,2,4,13,1,17,4,4,2,2,3,4,1,3,1,1,80,"3,5",2,"20",2,1,0.614024313280246,-0.335366629801002,0,-79
54,2,4,25,2,5,7,4,2,2,5,5,1,5,2,73,4,"3,4,5",2,"20",3,1,1.36606851002617,-1.35285779580556,1,69
63,2,3,11,1,39,5,4,3,2,4,4,2,2,1,40,62,"3,5",1,"20",5,1,0.599673478800215,0.880024296731842,0,-22
63,2,5,16,1,17,7,5,2,1,5,7,3,2,2,100,1,"3,5",2,"20",5,1,2.1632106977539,1.5866696402624,1,99
63,2,5,18,3,14,1,1,1,1,1,7,1,1,1,11,100,"6",2,"20",1,0,-0.344111699929605,0.682124536203561,0,-89
57,2,4,22,2,23,5,5,2,1,5,6,1,3,2,70,1,"6",2,"20",3,1,2.1632106977539,-0.335366629801002,1,69
53,1,6,19,5,38,2,1,5,4,2,2,1,5,1,0,76,"3,5",1,"20",5,1,-2.87580269336832,-1.35285779580556,0,-76
45,1,5,18,1,36,3,4,3,3,4,3,1,4,2,25,5,"3,5",2,"20",1,0,0.15093302533365,-0.844112212803283,1,20
52,1,5,11,1,43,6,2,2,2,2,6,2,1,2,62,41,"3,5",1,"20",1,0,-0.45880125361504,1.38876987973412,1,21
65,1,5,16,2,41,7,5,2,2,5,7,3,1,2,81,42,"3,5",2,"20",1,0,1.71447024428734,2.09541522326469,1,39
34,2,4,15,5,49,4,5,1,1,5,4,1,5,2,91,1,"3,5",2,"20",4,1,2.5535836306069,-1.35285779580556,1,90
53,2,3,12,1,26,4,3,3,3,3,4,3,3,1,26,85,"",1,"20",3,1,-0.573490807300476,1.07792405726012,0,-59
47,2,5,14,1,48,5,4,2,1,5,5,4,1,2,82,5,"3,5",2,"20",4,1,1.81480896349274,2.80206056679525,1,77
63,2,1,8,1,44,3,4,3,2,4,2,1,4,1,1,100,"3,5",1,"20",4,1,0.599673478800215,-0.844112212803283,0,-99
51,1,4,9,5,29,4,5,1,1,5,4,4,1,4,50,1,"3,5",1,"20",1,0,2.5535836306069,2.80206056679525,0,49
63,2,4,7,2,14,4,5,1,1,3,6,1,3,2,80,0,"3,5",2,"20",1,0,1.80153943386097,-0.335366629801002,1,80
52,2,3,2,6,3,4,5,3,1,5,6,2,3,2,84,0,"3,5",2,"20",1,0,1.77283776490091,0.37127871372956,1,84
52,2,3,18,1,39,7,3,3,2,2,4,3,1,2,72,28,"6",2,"20",4,1,-0.500772452206874,2.09541522326469,1,44
52,1,4,18,1,34,4,2,4,2,2,7,2,3,4,61,41,"2",1,"20",5,1,-1.23954711932103,0.37127871372956,0,20
51,2,4,18,6,6,4,5,1,1,4,4,1,3,3,3,51,"3,5",2,"20",1,0,2.17756153223393,-0.335366629801002,0,-48
61,1,3,16,1,33,7,3,1,1,1,7,1,1,1,50,100,"6",NA,"",1,0,0.352691768592717,0.682124536203561,0,-50
60,1,4,13,2,47,1,2,4,4,2,2,1,2,1,37,77,"6",1,"20",2,1,-2.13702802625416,0.17337895320128,0,-40
45,2,5,21,3,21,1,2,3,1,1,2,2,1,1,9,81,"5",1,"3,15",4,1,-0.776455831374434,1.38876987973412,0,-72
62,1,4,1,1,34,4,3,1,2,3,4,1,3,NA,NA,NA,"",NA,"",NA,NA,0.65599551187208,-0.335366629801002,NA,NA
22,2,4,5,6,5,4,5,2,1,5,4,2,3,3,0,65,"3,5",2,"20",1,0,2.1632106977539,0.37127871372956,0,-65
64,1,5,15,3,5,2,2,4,3,3,2,1,3,1,20,50,"3,5",2,"20",1,0,-1.31226547441463,-0.335366629801002,0,-30
63,1,4,5,6,38,4,5,1,1,5,5,5,1,2,80,0,"4",2,"20",3,1,2.5535836306069,3.50870591032581,1,80
48,1,5,17,1,11,4,5,1,1,5,7,2,1,2,71,2,"3,5",2,"20",4,1,2.5535836306069,1.38876987973412,1,69
53,2,3,12,1,15,7,4,2,2,4,4,2,2,2,51,10,"3,5",2,"1",5,1,0.990046411653211,0.880024296731842,1,41
48,1,3,20,2,10,6,5,1,1,5,7,3,4,2,100,2,"3,5",2,"20",1,0,2.5535836306069,0.569178474257841,1,98
34,2,4,20,1,25,6,3,2,2,4,7,4,2,2,71,20,"4",1,"",3,1,0.641644677392049,2.29331498379297,1,51
41,2,5,19,1,26,5,5,3,1,5,4,2,2,4,19,30,"6",2,"20",2,1,1.77283776490091,0.880024296731842,0,-11
40,2,5,19,2,36,3,4,2,1,4,4,2,4,1,20,66,"3,5",2,"20",4,1,1.43878686511978,-0.137466869272721,0,-46
44,1,5,25,2,36,4,3,5,3,3,4,1,5,3,21,47,"3,5",2,"20",5,1,-1.35423667300647,-1.35285779580556,0,-26
65,1,3,14,1,50,3,3,2,2,4,4,2,3,2,50,19,"3,5",1,"20",4,1,0.641644677392049,0.37127871372956,1,31
60,1,4,18,2,50,4,4,1,1,4,4,1,5,3,30,40,"6",1,"20",5,1,1.82915979797277,-1.35285779580556,0,-10
39,1,5,18,1,48,4,4,2,2,4,5,2,3,2,57,NA,"6",2,"1",4,1,0.990046411653211,0.37127871372956,1,NA
65,1,3,18,1,17,7,5,1,1,5,6,1,3,2,85,1,"3,5",2,"20",3,1,2.5535836306069,-0.335366629801002,1,84
42,2,4,17,2,14,4,4,3,2,3,3,1,3,1,10,41,"3,5",2,"20",3,1,0.223651380427251,-0.335366629801002,0,-31
61,2,3,20,1,33,5,2,2,2,4,4,2,3,2,65,1,"3,5",2,"20",2,1,0.293242943130888,0.37127871372956,1,64
61,1,6,23,3,36,2,2,4,4,2,2,1,3,1,3,76,"3,5",1,"20",2,1,-2.13702802625416,-0.335366629801002,0,-73
51,1,5,NA,1,14,5,5,1,1,5,4,2,1,2,51,0,"6",2,"20",4,1,2.5535836306069,1.38876987973412,1,51
60,2,5,18,1,7,5,5,2,2,5,6,1,3,1,3,64,"3,5",2,"20",1,0,1.71447024428734,-0.335366629801002,0,-61
59,1,4,20,5,45,5,5,1,1,5,5,2,3,2,77,15,"3,5",2,"20",1,0,2.5535836306069,0.37127871372956,1,62
48,2,3,5,6,50,1,1,5,5,1,1,1,3,1,0,50,"3",1,"11",4,1,-3.70056524520785,-0.335366629801002,0,-50
44,1,6,25,6,44,7,1,4,5,1,7,1,5,3,6,0,"3,5",1,"20",5,1,-3.31019231235485,-1.35285779580556,0,6
54,2,5,4,6,3,3,3,2,5,5,4,3,2,2,100,0,"3,5",2,"20",1,0,-0.328554584634683,1.5866696402624,1,100
58,1,6,25,1,44,7,5,1,2,3,7,2,3,2,82,10,"3,5",2,"20",4,1,1.3527989803944,0.37127871372956,1,72
48,1,4,18,1,23,6,5,1,1,5,4,5,1,2,100,0,"3,5",2,"20",3,1,2.5535836306069,3.50870591032581,1,100
57,2,4,15,1,18,3,4,2,2,4,6,1,3,3,1,1,"3,5",1,"20",2,1,0.990046411653211,-0.335366629801002,0,0
35,1,6,24,5,36,1,1,5,5,1,1,1,5,1,48,49,"3,5",2,"20",1,0,-3.70056524520785,-1.35285779580556,0,-1
61,1,5,18,1,1,4,5,3,2,5,4,1,3,2,19,1,"3,5",2,"20",5,1,1.32409731143434,-0.335366629801002,1,18
47,2,5,22,2,33,5,4,3,2,2,3,1,4,2,81,55,"4",2,"1,18",1,0,-0.152370717945713,-0.844112212803283,1,26
64,1,5,19,1,10,2,4,4,3,3,3,1,1,3,0,51,"6",1,"20",2,1,-0.615462005892309,0.682124536203561,0,-51
52,1,3,14,1,49,6,4,4,2,3,6,1,5,2,50,0,"3,5",2,"20",5,1,-0.166721552425744,-1.35285779580556,1,50
64,1,5,23,1,24,5,2,4,3,2,5,2,1,3,29,31,"3,5",2,"20",1,0,-1.6882875727876,1.38876987973412,0,-2
49,1,4,11,1,44,5,4,2,2,5,6,5,1,2,86,37,"3,5",2,"20",2,1,1.36606851002617,3.50870591032581,1,49
57,1,6,25,1,14,6,2,4,4,2,6,1,3,1,0,50,"5",1,"20",1,0,-2.13702802625416,-0.335366629801002,0,-50
42,2,6,18,1,38,7,4,1,1,3,7,1,5,3,30,18,"3,5",2,"20",2,1,1.45313769959981,-1.35285779580556,0,12
38,2,3,17,6,15,4,5,1,1,5,4,1,2,4,40,51,"3,5",2,"20",3,1,2.5535836306069,0.17337895320128,0,-11
53,1,5,11,1,41,4,3,3,2,4,4,1,3,1,1,65,"3,5",2,"10",1,0,0.251271744539054,-0.335366629801002,0,-64
55,1,4,20,1,11,4,5,1,1,5,7,4,1,2,67,0,"3,5",2,"20",2,1,2.5535836306069,2.80206056679525,1,67
45,1,4,21,5,21,5,4,2,2,4,5,2,2,4,37,2,"3,5",2,"20",2,1,0.990046411653211,0.880024296731842,0,35
54,1,5,17,2,36,3,2,4,3,2,4,2,2,1,3,20,"3,5",1,"20",3,1,-1.6882875727876,0.880024296731842,0,-17
54,1,5,21,1,34,7,4,1,1,5,6,3,3,2,88,2,"3,5",2,"20",4,1,2.20518189634574,1.07792405726012,1,86
61,2,4,11,1,29,7,4,2,1,5,5,1,3,2,91,2,"4",2,"20",4,1,1.81480896349274,-0.335366629801002,1,89
64,1,4,19,5,5,4,1,5,2,2,1,1,3,1,1,50,"3,5",1,"20",4,1,-1.97832178643519,-0.335366629801002,0,-49
60,2,3,17,1,43,4,3,3,3,3,4,2,3,4,5,5,"3,5",1,"20",4,1,-0.573490807300476,0.37127871372956,0,0
45,2,4,19,5,6,4,5,2,1,4,4,1,3,2,70,3,"3,5",2,"20",5,1,1.78718859938094,-0.335366629801002,1,67
62,1,5,21,2,28,6,4,3,3,3,4,1,5,2,60,3,"3,5",2,"20",1,0,-0.225089073039314,-1.35285779580556,1,57
32,1,4,19,5,36,1,3,3,3,3,1,1,3,1,0,75,"3,5",2,"20",1,0,-0.573490807300476,-0.335366629801002,0,-75
37,2,5,19,2,10,5,3,2,2,3,4,1,3,1,30,65,"3,5",1,"20",3,1,0.265622579019085,-0.335366629801002,0,-35
43,2,5,19,1,5,1,1,5,3,1,4,5,1,1,0,100,"3,5",1,"20",2,1,-2.80308433827472,3.50870591032581,0,-100
60,1,5,17,2,23,7,5,1,1,5,5,1,3,2,90,11,"3,5",2,"20",4,1,2.5535836306069,-0.335366629801002,1,79
50,2,5,20,5,38,1,4,4,4,3,2,1,3,1,1,62,"3,5",1,"20",5,1,-1.06420245935888,-0.335366629801002,0,-61
56,2,3,18,1,43,1,2,2,3,2,1,1,5,1,12,98,"3,5",1,"20",4,1,-0.907541707081606,-1.35285779580556,0,-86
30,2,4,21,5,50,5,2,1,1,4,5,2,1,3,12,3,"3,5",2,"20",5,1,1.13235632945045,1.38876987973412,0,9
32,2,1,17,2,33,4,2,2,2,3,7,2,3,4,50,48,"3,5",1,"20",3,1,-0.0827791552420761,0.37127871372956,0,2
60,2,5,12,1,23,5,3,4,4,2,6,1,4,2,67,10,"3,5",2,"20",2,1,-1.788626291993,-0.844112212803283,1,57
64,2,5,24,6,33,5,5,3,1,5,4,1,3,2,93,0,"3,5",2,"20",2,1,1.77283776490091,-0.335366629801002,1,93
56,2,3,12,5,14,4,4,4,1,3,4,1,3,4,17,58,"3,5",1,"20",2,1,0.282018901040822,-0.335366629801002,0,-41
57,2,6,17,1,44,6,2,4,4,3,5,1,3,3,1,19,"3,5",2,"20",5,1,-1.7610059278812,-0.335366629801002,0,-18
59,2,3,18,1,35,7,5,2,1,5,6,1,3,2,90,0,"3,5",2,"20",1,0,2.1632106977539,-0.335366629801002,1,90
49,2,3,20,2,44,7,4,1,1,4,6,3,2,2,100,0,"3,5",2,"20",2,1,1.82915979797277,1.5866696402624,1,100
45,1,4,21,2,44,6,3,2,2,3,6,1,5,2,29,0,"3,5",2,"20",5,1,0.265622579019085,-1.35285779580556,1,29
53,2,6,17,1,34,6,5,2,1,5,7,5,1,2,80,2,"3,5",2,"20",1,0,2.1632106977539,3.50870591032581,1,78
38,2,3,20,5,39,7,5,1,1,5,6,5,1,2,85,1,"3,5",2,"20",2,1,2.5535836306069,3.50870591032581,1,84
46,2,4,18,2,33,4,5,1,1,5,4,1,5,2,89,0,"6",NA,"",5,1,2.5535836306069,-1.35285779580556,1,89
41,2,5,13,6,11,6,2,4,1,2,7,5,1,2,75,1,"3,5",2,"20",3,1,-0.790806665854465,3.50870591032581,1,74
44,1,3,15,1,44,5,2,2,2,3,4,1,3,2,90,1,"3,5",1,"20",5,1,-0.0827791552420761,-0.335366629801002,1,89
46,2,3,14,6,14,4,5,1,1,5,4,1,5,3,0,0,"5",1,"20",2,1,2.5535836306069,-1.35285779580556,0,0
38,1,6,20,5,39,2,2,5,4,2,2,1,5,1,1,81,"3,5",1,"20",3,1,-2.52740095910716,-1.35285779580556,0,-80
49,1,3,11,1,11,5,5,2,1,5,6,2,2,2,80,1,"3,5",2,"20",2,1,2.1632106977539,0.880024296731842,1,79
61,1,4,11,1,1,3,5,1,1,5,5,3,2,4,29,29,"3,5",1,"20",5,1,2.5535836306069,1.5866696402624,0,0
49,2,4,15,1,14,3,5,1,1,5,5,1,3,3,0,28,"4",1,"20",4,1,2.5535836306069,-0.335366629801002,0,-28
34,1,3,15,5,5,3,2,3,4,2,3,1,3,1,0,47,"3,5",1,"20",2,1,-1.74665509340117,-0.335366629801002,0,-47
65,1,6,25,1,44,5,2,2,2,4,5,1,1,2,65,2,"6",2,"20",3,1,0.293242943130888,0.682124536203561,1,63
53,2,4,4,1,26,4,5,1,1,5,4,5,1,2,87,0,"3,5",2,"20",2,1,2.5535836306069,3.50870591032581,1,87
54,1,4,7,5,38,4,3,3,3,3,4,2,3,2,66,21,"3,5",1,"20",4,1,-0.573490807300476,0.37127871372956,1,45
49,1,3,20,3,44,7,3,3,2,4,7,2,4,2,84,3,"3",2,"20",4,1,0.251271744539054,-0.137466869272721,1,81
59,1,3,7,1,39,4,1,3,1,3,4,3,1,1,24,86,"3,5",1,"4,6,7,19",5,1,-0.372813368889667,2.09541522326469,0,-62
37,2,3,16,5,33,4,3,5,5,1,4,1,3,3,12,41,"3,5",2,"20",1,0,-3.00376177668553,-0.335366629801002,0,-29
35,2,4,18,5,5,3,3,3,3,2,1,4,5,3,0,0,"4",1,"14,6",2,1,-0.94951290567344,0.767078234786122,0,0
42,2,5,19,2,40,4,5,1,1,3,4,1,5,1,1,15,"3,5",1,"20",5,1,1.80153943386097,-1.35285779580556,0,-14
54,1,5,5,2,14,7,4,2,3,4,6,1,4,2,92,8,"3,5",2,"20",1,0,0.541305958186645,-0.844112212803283,1,84
55,1,4,15,2,5,6,4,2,2,4,4,2,2,2,60,41,"6",2,"20",4,1,0.990046411653211,0.880024296731842,1,19
30,2,4,25,3,34,3,2,4,3,2,4,1,3,1,18,80,"3,5",1,"20",3,1,-1.6882875727876,-0.335366629801002,0,-62
31,2,3,14,1,47,2,2,2,2,2,5,3,3,4,1,1,"4",1,"20",1,0,-0.45880125361504,1.07792405726012,0,0
47,1,5,12,1,18,7,5,3,2,5,7,3,1,2,81,1,"3,5",2,"20",1,0,1.32409731143434,2.09541522326469,1,80
59,2,3,1,5,10,2,4,3,2,4,3,1,5,1,19,95,"3,5",2,"20",4,1,0.599673478800215,-1.35285779580556,0,-76
45,2,4,19,2,26,5,5,1,1,5,6,4,2,2,52,1,"6",1,"20",2,1,2.5535836306069,2.29331498379297,1,51
57,1,6,21,6,48,6,5,2,2,4,5,1,5,2,84,10,"5",2,"20",5,1,1.33844814591437,-1.35285779580556,1,74
49,2,4,9,6,6,4,3,2,3,4,4,3,1,2,100,12,"5",2,"20",4,1,0.192904223925484,2.09541522326469,1,88
53,2,3,17,1,41,7,4,1,1,4,7,2,3,2,30,20,"3,5",2,"20",5,1,1.82915979797277,0.37127871372956,1,10
61,1,4,10,6,29,4,3,4,2,3,4,1,3,2,81,20,"5",2,"20",2,1,-0.515123286686905,-0.335366629801002,1,61
51,2,6,24,5,5,4,3,2,1,2,4,1,2,1,65,91,"3,5",2,"20",3,1,0.338340934112687,0.17337895320128,0,-26
45,1,6,25,2,14,7,5,1,1,5,7,1,4,2,33,3,"3,5",2,"20",4,1,2.5535836306069,-0.844112212803283,1,30
54,1,5,24,2,5,3,5,1,1,5,2,1,2,2,46,13,"5",2,"20",1,0,2.5535836306069,0.17337895320128,1,33
61,1,6,25,5,5,4,4,2,2,4,3,1,3,2,NA,NA,"3,5",2,"20",4,1,0.990046411653211,-0.335366629801002,1,NA
56,2,5,14,3,27,3,4,3,2,3,2,1,3,3,2,5,"3,5",1,"20",3,1,0.223651380427251,-0.335366629801002,0,-3
45,1,6,19,1,10,7,5,1,1,5,7,5,1,2,87,0,"3",2,"20",4,1,2.5535836306069,3.50870591032581,1,87
48,2,4,17,6,5,6,4,3,2,4,5,1,3,2,72,5,"3,5",2,"20",3,1,0.599673478800215,-0.335366629801002,1,67
27,2,4,21,5,33,1,2,4,4,2,3,1,3,1,0,78,"3,5",1,"20",5,1,-2.13702802625416,-0.335366629801002,0,-78
46,1,4,24,2,14,3,2,2,2,3,3,1,4,3,82,72,"3,5",2,"11,1,3,15,16,18,8",1,0,-0.0827791552420761,-0.844112212803283,0,10
54,2,6,25,5,47,1,2,5,4,2,1,1,5,1,9,61,"3,5",1,"20",1,0,-2.52740095910716,-1.35285779580556,0,-52
50,2,5,13,1,44,4,4,1,1,5,4,3,1,1,7,90,"3,5",1,"20",3,1,2.20518189634574,2.09541522326469,0,-83
42,2,3,21,6,48,4,5,2,1,5,4,1,5,2,70,NA,"3,5",2,"20",4,1,2.1632106977539,-1.35285779580556,1,NA
48,2,5,18,1,11,5,2,4,4,2,5,1,4,1,35,51,"3,5",1,"20",4,1,-2.13702802625416,-0.844112212803283,0,-16
43,1,5,18,1,43,5,4,2,2,5,6,1,4,2,78,8,"3,5",2,"20",5,1,1.36606851002617,-0.844112212803283,1,70
53,1,5,21,2,36,7,2,2,2,2,7,1,3,2,100,88,"1,2,3,5,6",2,"20",3,1,-0.45880125361504,-0.335366629801002,1,12
23,2,4,14,1,39,6,5,1,1,4,7,3,3,2,70,0,"5",2,"1,12,2,16",2,1,2.17756153223393,1.07792405726012,1,70
48,2,3,12,1,36,6,2,4,3,3,4,2,4,2,50,62,"3,5",1,"20",4,1,-1.31226547441463,-0.137466869272721,1,-12
57,2,4,20,2,23,4,5,2,1,5,6,1,1,1,30,41,"3,5",2,"20",2,1,2.1632106977539,0.682124536203561,0,-11
43,1,5,25,5,44,4,5,1,1,5,4,1,3,2,80,10,"3,5",2,"20",5,1,2.5535836306069,-0.335366629801002,1,70
51,2,3,14,1,15,4,2,3,3,3,4,1,5,3,1,9,"3,5",1,"20",2,1,-0.921892541561637,-1.35285779580556,0,-8
44,2,5,25,2,48,2,5,1,1,3,4,1,3,1,1,10,"3,5",2,"20",4,1,1.80153943386097,-0.335366629801002,0,-9
40,2,3,17,1,34,7,4,2,1,5,7,3,1,2,100,NA,"3,5",2,"20",4,1,1.81480896349274,2.09541522326469,1,NA
31,2,6,21,1,10,3,3,2,2,3,4,2,2,1,6,60,"3,5",1,"20",5,1,0.265622579019085,0.880024296731842,0,-54
57,1,6,18,5,5,5,2,2,2,2,4,1,3,1,30,40,"6",1,"20",1,0,-0.45880125361504,-0.335366629801002,0,-10
58,1,5,20,1,14,5,5,1,1,5,4,3,2,4,50,50,"3,5",NA,"20",2,1,2.5535836306069,1.5866696402624,0,0
64,1,6,24,2,36,2,2,4,4,2,3,1,3,1,1,50,"3,5",1,"20",4,1,-2.13702802625416,-0.335366629801002,0,-49
62,1,5,18,1,15,1,3,3,3,2,4,3,1,1,9,86,"3,5",1,"1,3,18",2,1,-0.94951290567344,2.09541522326469,0,-77
26,2,5,17,6,39,4,3,3,3,3,4,1,3,4,5,9,"3,5",1,"20",2,1,-0.573490807300476,-0.335366629801002,0,-4
54,1,5,20,5,38,3,2,4,5,1,3,1,3,1,1,62,"3,5",1,"20",4,1,-2.96179057809369,-0.335366629801002,0,-61
56,2,5,16,2,22,4,5,3,3,3,4,3,1,2,78,NA,"6",2,"1,16",5,1,0.123312661221847,2.09541522326469,1,NA
55,2,4,16,2,10,7,5,1,1,5,7,5,1,2,83,3,"6",2,"19",3,1,2.5535836306069,3.50870591032581,1,80
61,2,6,17,1,14,3,2,4,3,3,4,1,1,1,5,75,"3,5",1,"20",5,1,-1.31226547441463,0.682124536203561,0,-70
23,1,3,3,6,14,1,1,2,1,5,4,3,3,3,1,30,"3,5",1,"20",1,0,0.769603760709257,1.07792405726012,0,-29
55,1,3,12,5,47,4,5,3,3,3,4,3,3,4,1,1,"3,5",2,"20",2,1,0.123312661221847,1.07792405726012,0,0
22,2,4,25,3,31,1,4,4,5,1,1,1,5,1,0,99,"4",2,"11",1,0,-2.26498710957137,-1.35285779580556,0,-99
51,2,3,13,1,43,4,3,2,2,2,4,4,1,1,5,100,"3,5",1,"20",2,1,-0.110399519353879,2.80206056679525,0,-95
38,2,4,12,2,21,5,1,3,3,4,5,4,1,1,6,29,"3,5",2,"20",5,1,-0.894272177449834,2.80206056679525,0,-23
44,2,5,14,6,3,4,3,4,3,3,5,1,5,3,2,1,"3,5",2,"20",3,1,-0.963863740153471,-1.35285779580556,0,1
30,2,4,16,6,39,4,5,3,1,5,4,2,2,2,37,18,"3,5",2,"20",5,1,1.77283776490091,0.880024296731842,1,19
55,1,4,20,1,39,7,4,4,3,4,7,1,5,2,92,0,"3,5",2,"20",5,1,-0.239439907519345,-1.35285779580556,1,92
59,1,5,17,1,29,4,5,1,1,5,5,1,3,2,93,1,"3,5",2,"20",3,1,2.5535836306069,-0.335366629801002,1,92
55,1,5,19,5,14,2,4,1,1,4,1,1,5,1,59,77,"6",1,"20",1,0,1.82915979797277,-1.35285779580556,0,-18
48,1,6,13,2,19,1,1,5,5,1,1,1,5,1,NA,100,"3,5",1,"20",2,1,-3.70056524520785,-1.35285779580556,0,NA
63,1,5,25,2,5,3,3,4,2,4,3,1,3,1,0,81,"6",1,"20",5,1,-0.139101188313941,-0.335366629801002,0,-81
60,1,5,25,1,6,6,4,4,4,4,4,1,3,3,3,0,"6",2,"20",2,1,-0.688180360985911,-0.335366629801002,0,3
36,1,5,20,3,44,5,5,2,1,4,5,1,3,2,80,2,"6",2,"20",1,0,1.78718859938094,-0.335366629801002,1,78
58,2,6,25,2,21,4,3,4,4,3,3,1,5,1,21,5,"3,5",2,"20",1,0,-1.41260419362004,-1.35285779580556,0,16
21,2,4,24,2,23,6,4,2,1,5,7,5,1,2,65,10,"3,5",1,"20",2,1,1.81480896349274,3.50870591032581,1,55
55,1,4,5,5,5,4,4,2,2,2,4,1,4,2,81,1,"3,5",2,"20",5,1,0.238002214907282,-0.844112212803283,1,80
48,1,6,20,2,36,5,5,2,2,5,4,1,3,2,62,0,"3,5",2,"20",3,1,1.71447024428734,-0.335366629801002,1,62
44,1,4,14,2,51,7,4,1,1,5,7,1,4,2,100,1,"5",2,"1,13,15,16,8,9",5,1,2.20518189634574,-0.844112212803283,1,99
57,1,6,20,2,10,6,4,2,1,4,7,1,4,2,91,50,"3,5",2,"20",1,0,1.43878686511978,-0.844112212803283,1,41
65,1,5,20,3,10,4,2,3,3,2,4,1,3,3,32,58,"3,5",2,"20",1,0,-1.2979146399346,-0.335366629801002,0,-26
45,2,5,14,6,34,7,5,1,1,5,7,3,1,2,63,9,"4",1,"20",5,1,2.5535836306069,2.09541522326469,1,54
47,2,5,14,2,15,6,4,3,3,3,4,1,3,1,11,79,"3,5",2,"20",5,1,-0.225089073039314,-0.335366629801002,0,-68
23,2,4,17,2,10,4,3,3,2,3,4,2,3,1,25,53,"3,5",2,"20",1,0,-0.12475035383391,0.37127871372956,0,-28
33,2,5,6,6,1,3,5,1,1,4,4,1,5,4,52,24,"5",2,"2,10",2,1,2.17756153223393,-1.35285779580556,0,28
59,2,4,20,2,39,3,4,5,3,3,4,1,5,1,4,39,"3,5",2,"20",3,1,-1.0058349387453,-1.35285779580556,0,-35
20,2,4,1,1,50,7,2,4,2,2,7,1,4,2,50,1,"3,5",1,"20",5,1,-1.23954711932103,-0.844112212803283,1,49
22,2,4,11,2,15,4,5,3,1,5,2,1,3,4,19,16,"3",1,"14,7",1,0,1.77283776490091,-0.335366629801002,0,3
54,2,3,16,6,5,1,2,1,1,4,4,2,3,2,100,9,"3,5",1,"20",3,1,1.13235632945045,0.37127871372956,1,91
29,2,3,15,5,47,1,3,3,3,3,2,1,5,1,0,72,"3,5",1,"20",2,1,-0.573490807300476,-1.35285779580556,0,-72
63,1,5,25,3,10,1,4,4,3,3,2,3,1,1,1,96,"2",1,"2,14,15,4,16,19",5,1,-0.615462005892309,2.09541522326469,0,-95
38,1,5,20,1,22,4,4,4,3,2,6,1,5,3,19,3,"3,5",2,"20",4,1,-0.991484104265274,-1.35285779580556,0,16
59,2,5,11,1,14,5,5,1,1,4,5,1,5,1,1,60,"3,5",2,"20",1,0,2.17756153223393,-1.35285779580556,0,-59
38,2,5,21,3,10,2,1,3,3,4,4,1,3,1,16,NA,"4",1,"1",3,1,-0.894272177449834,-0.335366629801002,0,NA
55,1,6,25,3,5,4,2,3,2,5,4,1,3,2,61,1,"3,5",2,"20",1,0,0.278892108650857,-0.335366629801002,1,60
65,1,4,17,2,44,2,2,4,3,2,3,1,5,1,0,65,"3,5",2,"20",1,0,-1.6882875727876,-1.35285779580556,0,-65
44,2,5,25,1,10,1,1,4,5,1,2,1,5,1,0,91,"3,5",1,"20",3,1,-3.31019231235485,-1.35285779580556,0,-91
53,1,4,6,5,48,4,3,3,3,3,4,3,3,NA,NA,NA,"",NA,"",NA,NA,-0.573490807300476,1.07792405726012,NA,NA
66,2,4,11,2,43,7,5,3,1,4,6,1,5,2,81,6,"3,5",2,"20",1,0,1.39681566652794,-1.35285779580556,1,75
33,2,4,18,5,44,7,5,1,1,5,7,1,1,2,89,3,"3,5",2,"20",1,0,2.5535836306069,0.682124536203561,1,86
52,2,5,25,1,47,6,2,2,2,5,6,2,1,2,67,1,"3,5",2,"20",2,1,0.669265041503852,1.38876987973412,1,66
65,1,4,12,1,11,3,2,2,2,4,3,1,3,1,0,60,"3,5",1,"20",4,1,0.293242943130888,-0.335366629801002,0,-60
63,2,5,5,1,15,4,2,5,4,5,7,1,5,2,39,2,"3,5",2,"20",1,0,-1.39933466398826,-1.35285779580556,1,37
57,1,5,20,2,22,6,5,2,1,5,6,1,3,2,90,0,"4",2,"20",3,1,2.1632106977539,-0.335366629801002,1,90
56,1,5,12,5,10,4,1,4,4,2,3,1,5,1,1,80,"3,5",1,"20",3,1,-2.48542976051532,-1.35285779580556,0,-79
54,1,6,25,2,5,4,4,2,2,4,7,5,1,3,0,30,"3,5",1,"20",3,1,0.990046411653211,3.50870591032581,0,-30
61,2,4,17,1,34,6,4,2,2,3,6,1,3,2,50,1,"3,5",1,"20",4,1,0.614024313280246,-0.335366629801002,1,49
46,2,5,16,5,33,1,1,4,4,2,1,1,5,1,0,81,"6",1,"20",5,1,-2.48542976051532,-1.35285779580556,0,-81
62,2,5,19,2,34,2,1,4,4,1,2,1,5,1,18,92,"3,5",1,"20",1,0,-2.86145185888829,-1.35285779580556,0,-74
56,1,3,16,1,18,2,2,1,1,3,3,1,3,2,72,52,"3,5",2,"20",1,0,0.756334231077485,-0.335366629801002,1,20
48,2,5,18,5,23,4,5,1,1,5,4,1,2,2,85,0,"3,5",2,"20",2,1,2.5535836306069,0.17337895320128,1,85
62,2,4,24,2,10,5,5,2,1,5,4,1,5,4,15,1,"3,5",2,"20",5,1,2.1632106977539,-1.35285779580556,0,14
42,2,4,4,5,26,1,1,5,5,1,1,1,5,1,1,40,"3,5",1,"20",3,1,-3.70056524520785,-1.35285779580556,0,-39
24,2,4,14,6,26,3,2,4,4,2,2,1,5,4,0,38,"3,5",1,"20",5,1,-2.13702802625416,-1.35285779580556,0,-38
24,2,3,19,6,43,5,4,5,2,3,5,5,3,1,18,77,"3,5",2,"11,2,5",4,1,-0.557094485278739,2.49121474432125,0,-59
55,2,5,18,6,17,4,4,2,1,5,4,1,4,2,100,1,"3,5",2,"20",1,0,1.81480896349274,-0.844112212803283,1,99
58,2,3,12,6,10,4,5,1,1,5,4,5,1,3,1,3,"3,5",2,"20",1,0,2.5535836306069,3.50870591032581,0,-2
28,1,2,6,5,36,4,2,3,2,3,4,1,3,4,48,52,"3,5",1,"20",4,1,-0.473152088095071,-0.335366629801002,0,-4
38,1,5,25,5,21,4,2,3,4,2,1,1,3,3,NA,50,"3,5",1,"20",5,1,-1.74665509340117,-0.335366629801002,0,NA
35,2,5,12,2,39,4,5,1,1,4,4,1,5,4,14,23,"3,5",2,"20",3,1,2.17756153223393,-1.35285779580556,0,-9
57,2,4,3,5,40,4,3,2,2,3,3,1,3,4,0,62,"3,5",2,"20",5,1,0.265622579019085,-0.335366629801002,0,-62
58,2,5,15,1,15,6,4,2,2,4,7,1,5,2,85,1,"3,5",2,"20",4,1,0.990046411653211,-1.35285779580556,1,84
29,2,3,17,6,44,6,5,2,3,3,4,1,3,4,66,17,"3,5",2,"20",3,1,0.513685594074842,-0.335366629801002,0,49
37,1,3,18,6,1,4,3,3,3,3,4,3,3,2,99,1,"3,5",2,"20",2,1,-0.573490807300476,1.07792405726012,1,98
27,2,5,14,1,1,7,5,2,1,5,7,2,4,2,81,1,"3,5",2,"20",3,1,2.1632106977539,-0.137466869272721,1,80
48,2,4,19,2,33,5,3,2,2,3,6,2,2,4,35,38,"2",2,"20",5,1,0.265622579019085,0.880024296731842,0,-3
62,2,4,4,1,38,3,4,3,1,2,4,1,5,1,62,71,"3,5",1,"20",5,1,0.296369735520853,-1.35285779580556,0,-9
65,2,3,25,1,13,6,5,1,1,5,6,1,5,2,100,0,"3,5",2,"20",2,1,2.5535836306069,-1.35285779580556,1,100
51,2,4,19,2,10,2,5,1,1,3,4,3,1,2,83,43,"6",2,"11,1,13,3,15,16,18,9",5,1,1.80153943386097,2.09541522326469,1,40
44,1,4,6,1,44,4,4,2,2,3,4,2,4,3,9,0,"3,5",2,"20",4,1,0.614024313280246,-0.137466869272721,0,9
23,2,4,12,6,36,4,3,4,3,4,4,1,3,4,0,NA,"4",1,"4",2,1,-0.587841641780507,-0.335366629801002,0,NA
64,2,5,25,2,39,3,2,2,2,3,3,3,3,3,6,8,"3,5",2,"20",3,1,-0.0827791552420761,1.07792405726012,0,-2
44,1,3,19,5,22,7,1,3,3,3,7,1,5,2,100,0,"3,5",2,"20",4,1,-1.2702942758228,-1.35285779580556,1,100
52,2,4,12,6,15,4,2,5,3,2,4,1,5,3,27,66,"3,5",2,"20",2,1,-2.07866050564059,-1.35285779580556,0,-39
62,1,6,25,1,38,4,5,2,2,5,4,1,5,2,53,0,"3,5",2,"20",4,1,1.71447024428734,-1.35285779580556,1,53
52,2,4,13,2,36,3,4,2,2,3,4,2,3,4,36,75,"3,5",1,"20",2,1,0.614024313280246,0.37127871372956,0,-39
41,2,4,13,6,14,4,2,4,2,3,4,2,1,2,70,30,"3,5",2,"20",3,1,-0.863525020948066,1.38876987973412,1,40
26,1,5,25,1,5,5,4,2,1,4,5,2,3,2,36,1,"6",2,"20",1,0,1.43878686511978,0.37127871372956,1,35
52,2,4,10,1,44,5,5,2,1,5,5,1,3,2,76,0,"3,5",2,"20",2,1,2.1632106977539,-0.335366629801002,1,76
42,2,5,17,2,26,7,5,2,1,5,7,5,1,2,91,5,"3,5",2,"20",5,1,2.1632106977539,3.50870591032581,1,86
54,2,5,18,1,36,1,4,2,2,3,6,5,1,1,29,71,"3,5",1,"20",4,1,0.614024313280246,3.50870591032581,0,-42
31,2,4,14,5,36,2,5,1,1,5,4,5,1,1,13,76,"4",1,"20",3,1,2.5535836306069,3.50870591032581,0,-63
33,2,6,18,1,23,3,1,1,2,2,3,1,2,1,10,76,"3",2,"20",3,1,-0.416830055023206,0.17337895320128,0,-66
30,1,6,23,6,33,3,1,1,1,2,2,4,5,1,8,91,"3,5",1,"20",4,1,0.0319103984433592,0.767078234786122,0,-83
54,1,4,7,5,46,4,4,3,2,3,4,1,3,2,1,1,"3,5",2,"20",4,1,0.223651380427251,-0.335366629801002,1,0
55,2,3,11,3,14,3,2,2,2,2,3,1,3,1,40,76,"3,5",2,"20",1,0,-0.45880125361504,-0.335366629801002,0,-36
46,2,4,13,5,18,4,3,3,3,3,4,3,3,3,51,45,"6",2,"20",3,1,-0.573490807300476,1.07792405726012,0,6
33,2,3,16,5,5,4,3,4,4,3,6,1,5,4,2,3,"3,5",1,"20",2,1,-1.41260419362004,-1.35285779580556,0,-1
56,2,2,18,1,36,4,5,1,1,5,7,2,2,4,19,4,"3,5",2,"20",1,0,2.5535836306069,0.880024296731842,0,15
59,2,5,14,2,6,4,5,2,1,5,4,1,5,2,72,6,"3,5",2,"20",4,1,2.1632106977539,-1.35285779580556,1,66
39,1,3,15,5,47,5,4,2,2,3,5,1,5,3,40,22,"6",2,"20",5,1,0.614024313280246,-1.35285779580556,0,18
53,2,4,16,1,49,4,5,2,2,5,4,2,2,2,86,0,"3,5",2,"20",1,0,1.71447024428734,0.880024296731842,1,86
24,1,5,19,5,44,1,1,4,5,1,2,1,5,1,1,84,"6",1,"1,16,9",2,1,-3.31019231235485,-1.35285779580556,0,-83
48,1,6,25,5,22,6,4,2,1,5,5,1,3,1,0,60,"3,5",1,"20",3,1,1.81480896349274,-0.335366629801002,0,-60
28,1,5,1,2,44,5,3,3,3,3,4,2,3,2,48,2,"5",2,"20",4,1,-0.573490807300476,0.37127871372956,1,46
34,1,5,19,2,24,6,2,4,2,2,5,1,5,2,50,25,"3,5",1,"20",4,1,-1.23954711932103,-1.35285779580556,1,25
49,2,4,17,5,23,6,5,2,1,4,4,1,5,3,2,2,"6",2,"20",4,1,1.78718859938094,-1.35285779580556,0,0
46,2,2,1,5,14,3,3,3,3,3,3,3,3,4,89,21,"4",2,"1,13,14,3,15,4,6,18,19,9",3,1,-0.573490807300476,1.07792405726012,0,68
60,2,3,24,1,23,7,5,2,2,5,7,1,3,2,92,1,"6",2,"20",2,1,1.71447024428734,-0.335366629801002,1,91
55,2,4,13,1,18,2,1,4,2,1,2,1,5,1,0,92,"3,5",1,"20",5,1,-1.96397095195516,-1.35285779580556,0,-92
26,2,4,15,5,10,4,1,5,5,1,2,1,5,3,NA,73,"6",1,"20",2,1,-3.70056524520785,-1.35285779580556,0,NA
55,2,5,18,1,44,6,5,2,2,4,5,4,2,2,66,5,"6",2,"20",4,1,1.33844814591437,2.29331498379297,1,61
32,2,4,20,5,23,3,2,5,5,1,4,1,5,1,2,67,"3,5",1,"20",5,1,-3.35216351094669,-1.35285779580556,0,-65
58,1,3,8,5,17,4,2,1,1,5,4,5,3,2,100,2,"6",2,"1,9",5,1,1.50837842782341,2.49121474432125,1,98
32,1,5,25,2,50,4,2,5,3,2,4,2,5,1,10,34,"3,5",1,"20",4,1,-2.07866050564059,-0.646212452275002,0,-24
49,1,5,16,2,26,4,5,1,1,5,7,5,1,2,100,0,"3,5",2,"20",5,1,2.5535836306069,3.50870591032581,1,100
18,2,4,21,1,33,2,1,5,4,1,2,1,5,1,0,81,"3,5",1,"20",2,1,-3.25182479174128,-1.35285779580556,0,-81
25,1,4,18,2,39,6,4,1,1,3,6,1,4,2,93,3,"3,5",2,"20",1,0,1.45313769959981,-0.844112212803283,1,90
54,2,3,12,6,43,4,2,5,4,2,4,2,2,4,13,43,"3,5",1,"20",5,1,-2.52740095910716,0.880024296731842,0,-30
47,1,4,19,2,31,2,1,1,1,1,4,1,1,1,10,86,"6",1,"1,3",5,1,-0.344111699929605,0.682124536203561,0,-76
46,1,5,24,5,33,1,1,5,2,1,1,1,5,1,0,100,"3,5",1,"20",5,1,-2.35434388480815,-1.35285779580556,0,-100
23,2,3,17,1,3,5,2,2,2,2,4,1,3,2,71,2,"3,5",2,"20",1,0,-0.45880125361504,-0.335366629801002,1,69
48,1,6,25,5,14,1,1,5,3,2,1,1,3,1,0,91,"3,5",1,"20",4,1,-2.42706223990175,-0.335366629801002,0,-91
63,2,3,3,1,38,7,4,4,2,4,7,4,2,2,93,1,"3,5",2,"20",4,1,0.20930054594722,2.29331498379297,1,92
46,2,5,21,5,5,4,4,1,1,5,4,1,5,3,NA,NA,"5",1,"2",5,1,2.20518189634574,-1.35285779580556,0,NA
33,2,4,15,6,34,7,5,2,1,5,7,5,1,2,82,2,"3,5",2,"20",5,1,2.1632106977539,3.50870591032581,1,80
50,1,5,23,5,24,5,2,3,2,4,6,1,3,2,35,5,"3,5",2,"20",1,0,-0.0971299897221069,-0.335366629801002,1,30
36,2,5,17,2,22,3,3,3,3,3,4,1,5,1,11,58,"3,5",1,"20",4,1,-0.573490807300476,-1.35285779580556,0,-47
62,1,4,24,2,10,1,1,4,4,2,2,1,4,1,1,96,"3,5",1,"20",3,1,-2.48542976051532,-0.844112212803283,0,-95
40,2,3,17,2,22,7,2,2,1,3,4,3,3,3,19,0,"3",1,"20",5,1,0.36596129822449,1.07792405726012,0,19
54,2,5,25,6,22,4,4,1,1,5,4,1,4,2,39,8,"3,5",2,"20",1,0,2.20518189634574,-0.844112212803283,1,31
65,2,5,12,6,5,1,1,5,5,1,1,1,5,1,1,91,"3,5",1,"20",5,1,-3.70056524520785,-1.35285779580556,0,-90
31,1,5,18,5,33,6,2,2,2,2,6,2,2,3,NA,NA,"1",1,"11,13,3,5,6",3,1,-0.45880125361504,0.880024296731842,0,NA
29,2,4,16,6,15,5,2,4,4,4,5,1,5,1,NA,48,"3,5",2,"20",4,1,-1.38498382950823,-1.35285779580556,0,NA
25,2,3,1,6,24,6,5,3,3,4,6,3,5,2,50,0,"3,5",2,"20",1,0,0.499334759594811,0.0604328912555598,1,50
54,1,5,21,2,31,5,1,4,4,2,4,1,3,2,70,53,"3,5",1,"20",1,0,-2.48542976051532,-0.335366629801002,1,17
33,2,4,11,5,22,3,1,4,4,4,3,1,4,1,0,91,"4",1,"11,1",2,1,-1.73338556376939,-0.844112212803283,0,-91
30,2,6,10,5,30,3,2,4,4,2,2,1,5,3,1,39,"3,5",2,"20",3,1,-2.13702802625416,-1.35285779580556,0,-38
23,2,3,2,6,44,4,2,1,1,3,4,1,3,2,100,NA,"4",NA,"",5,1,0.756334231077485,-0.335366629801002,1,NA
58,1,5,11,5,31,4,2,3,3,3,4,2,3,3,NA,44,"3,5",2,"20",4,1,-0.921892541561637,0.37127871372956,0,NA
35,2,5,20,1,10,5,2,2,2,2,5,2,2,2,83,84,"3,5",1,"20",1,0,-0.45880125361504,0.880024296731842,1,-1
28,1,6,18,2,26,5,2,2,2,4,4,2,4,3,4,3,"3,5",2,"20",2,1,0.293242943130888,-0.137466869272721,0,1
34,1,6,25,5,33,3,4,5,2,5,4,1,5,1,10,46,"3,5",1,"20",3,1,0.19494971146719,-1.35285779580556,0,-36
51,2,4,18,1,1,3,4,2,2,4,4,2,3,1,51,82,"3,5",2,"20",4,1,0.990046411653211,0.37127871372956,0,-31
32,2,5,19,6,41,3,3,3,2,4,3,1,5,3,41,45,"3,5",2,"20",2,1,0.251271744539054,-1.35285779580556,0,-4
25,1,4,10,6,18,6,2,2,2,2,4,2,2,2,95,49,"5",2,"1,13,3,16,18",1,0,-0.45880125361504,0.880024296731842,1,46
26,2,5,20,2,36,3,3,4,5,1,3,1,3,1,7,72,"3,5",1,"20",3,1,-2.61338884383253,-0.335366629801002,0,-65
45,2,2,18,6,10,1,1,5,5,1,1,1,5,1,0,100,"6",1,"4,10",4,1,-3.70056524520785,-1.35285779580556,0,-100
47,1,5,25,5,33,1,2,4,4,2,1,1,5,1,2,74,"6",1,"20",2,1,-2.13702802625416,-1.35285779580556,0,-72
61,1,5,18,1,14,6,5,2,1,5,6,3,1,2,70,1,"3,5",2,"20",5,1,2.1632106977539,2.09541522326469,1,69
54,1,6,18,2,19,5,2,4,3,4,5,1,5,2,89,5,"3,5",2,"16,5",2,1,-0.936243376041668,-1.35285779580556,1,84
55,1,4,18,6,50,5,5,2,2,5,5,3,3,2,32,0,"3,5",2,"20",2,1,1.71447024428734,1.07792405726012,1,32
42,2,5,25,5,31,1,1,5,5,1,1,1,5,1,0,90,"3,5",1,"20",2,1,-3.70056524520785,-1.35285779580556,0,-90
29,2,5,24,2,5,4,3,1,1,3,4,1,5,1,NA,50,"5",1,"12,15,6",5,1,1.10473596533865,-1.35285779580556,0,NA
21,2,3,9,5,50,2,4,2,2,4,3,2,2,1,11,53,"5",2,"12,14,3,4,5,17,6,7",3,1,0.990046411653211,0.880024296731842,0,-42
59,2,5,25,2,33,6,2,3,3,3,5,3,3,1,32,72,"5",2,"20",2,1,-0.921892541561637,1.07792405726012,0,-40
37,2,3,9,5,10,4,4,3,2,5,3,1,5,2,59,4,"3,5",1,"20",5,1,0.97569557717318,-1.35285779580556,1,55
19,2,3,11,6,13,4,5,1,2,3,4,1,3,4,33,29,"6",2,"1,14",4,1,1.3527989803944,-0.335366629801002,0,4
46,2,3,11,6,44,1,1,1,2,4,1,1,4,1,51,100,"3,5",1,"1,3",1,0,0.335214141722722,-0.844112212803283,0,-49
37,2,2,19,6,38,1,3,1,1,4,2,1,3,1,0,58,"3,5",2,"20",2,1,1.48075806371161,-0.335366629801002,0,-58
51,2,4,18,5,39,3,2,4,3,2,4,1,3,1,1,70,"3,5",2,"20",1,0,-1.6882875727876,-0.335366629801002,0,-69
39,2,4,14,5,34,4,2,2,2,3,4,3,3,2,66,41,"2",2,"20",1,0,-0.0827791552420761,1.07792405726012,1,25
48,1,4,17,5,33,2,1,4,3,2,2,1,5,3,8,33,"3,5",1,"20",2,1,-2.03668930704876,-1.35285779580556,0,-25
55,2,5,24,3,31,4,4,3,3,3,3,1,4,1,8,70,"3,5",1,"20",4,1,-0.225089073039314,-0.844112212803283,0,-62
31,2,3,10,5,39,7,1,1,1,1,4,1,3,4,11,45,"4",2,"20",4,1,-0.344111699929605,-0.335366629801002,0,-34
34,1,5,17,6,11,5,3,2,2,3,6,3,2,3,64,3,"5",2,"20",2,1,0.265622579019085,1.5866696402624,0,61
18,1,3,11,5,10,4,3,3,3,3,4,1,5,4,0,50,"3,5",2,"20",2,1,-0.573490807300476,-1.35285779580556,0,-50
63,1,4,11,5,11,4,3,2,2,4,4,3,1,3,50,50,"5",2,"20",1,0,0.641644677392049,2.09541522326469,0,0
51,2,4,18,6,44,7,5,1,1,5,5,1,3,2,91,2,"5",2,"11,1,13,15",5,1,2.5535836306069,-0.335366629801002,1,89
21,2,4,12,6,18,4,5,5,1,5,4,1,3,4,49,53,"3,5",2,"20",1,0,0.992091899194916,-0.335366629801002,0,-4
41,2,6,18,6,36,5,2,3,2,2,5,1,4,1,31,67,"3",2,"11,1,15,16,8,9",1,0,-0.849174186468035,-0.844112212803283,0,-36
35,1,5,17,2,18,1,5,3,1,5,1,2,3,1,0,100,"3,5",1,"20",5,1,1.77283776490091,0.37127871372956,0,-100
60,1,3,11,5,34,6,4,1,1,4,6,2,3,2,90,4,"3,5",2,"20",5,1,1.82915979797277,0.37127871372956,1,86
22,2,3,16,5,11,4,2,3,2,2,4,1,5,4,2,20,"3,5",1,"20",4,1,-0.849174186468035,-1.35285779580556,0,-18
30,2,5,23,5,23,3,2,2,2,3,4,1,5,1,13,65,"3,5",1,"20",3,1,-0.0827791552420761,-1.35285779580556,0,-52
58,1,5,20,5,10,2,2,4,4,1,4,1,5,1,4,82,"3,5",1,"20",5,1,-2.51305012462713,-1.35285779580556,0,-78
56,1,3,16,5,29,1,1,5,5,1,1,1,5,1,0,69,"3,5",1,"20",5,1,-3.70056524520785,-1.35285779580556,0,-69
51,1,5,18,6,34,7,4,2,2,4,7,3,2,2,100,0,"3,5",2,"20",2,1,0.990046411653211,1.5866696402624,1,100
64,1,6,25,2,6,5,2,4,3,4,5,1,4,2,62,2,"5",2,"20",1,0,-0.936243376041668,-0.844112212803283,1,60
45,2,3,20,2,48,5,4,3,2,4,5,1,5,2,90,3,"3,5",2,"20",3,1,0.599673478800215,-1.35285779580556,1,87
64,1,5,24,1,44,5,5,2,2,4,4,1,5,4,1,1,"3,5",2,"20",3,1,1.33844814591437,-1.35285779580556,0,0
59,1,4,18,1,10,4,4,2,3,2,4,2,3,2,72,3,"3,5",2,"20",3,1,-0.210738238559284,0.37127871372956,1,69
55,2,4,18,1,26,5,5,3,2,4,6,1,4,3,60,4,"3,5",2,"20",3,1,0.948075213061377,-0.844112212803283,0,56
38,2,5,22,1,10,4,4,2,2,4,5,1,3,2,47,0,"3,5",2,"20",2,1,0.990046411653211,-0.335366629801002,1,47
47,2,4,18,5,15,4,3,4,3,3,4,2,3,4,51,13,"4",NA,"",3,1,-0.963863740153471,0.37127871372956,0,38
53,1,4,18,2,36,5,4,3,2,4,6,2,3,2,54,4,"3,5",2,"20",3,1,0.599673478800215,0.37127871372956,1,50
19,2,5,25,2,11,4,2,2,1,2,4,2,2,1,81,93,"3,5",2,"11,1,13,15,16,18,8",5,1,-0.0100608001484745,0.880024296731842,0,-12
37,1,4,17,1,36,7,4,2,1,5,7,3,2,2,100,0,"3,5",2,"20",5,1,1.81480896349274,1.5866696402624,1,100
53,2,4,11,1,44,1,2,5,4,3,2,2,3,1,8,100,"3,5",1,"20",1,0,-2.15137886073419,0.37127871372956,0,-92
47,2,3,12,1,34,6,2,4,3,2,6,2,3,4,35,5,"3,5",2,"20",1,0,-1.6882875727876,0.37127871372956,0,30
65,2,5,18,2,15,1,3,2,2,4,3,1,5,1,NA,96,"3,5",1,"20",2,1,0.641644677392049,-1.35285779580556,0,NA
37,1,4,22,5,39,4,4,2,2,4,4,2,3,2,68,46,"5",2,"20",2,1,0.990046411653211,0.37127871372956,1,22
52,2,4,16,1,18,3,4,4,2,2,4,1,5,1,33,68,"6",1,"20",3,1,-0.542743650798708,-1.35285779580556,0,-35
55,1,5,7,2,5,2,1,4,1,2,4,3,3,1,1,96,"5",1,"1",4,1,-1.13920840011563,1.07792405726012,0,-95
29,2,3,18,5,21,4,5,1,1,5,4,1,3,2,67,0,"3,5",2,"20",3,1,2.5535836306069,-0.335366629801002,1,67
58,2,5,18,6,24,7,2,2,3,4,7,1,4,2,83,19,"3,5",2,"20",1,0,-0.155497510335678,-0.844112212803283,1,64
35,1,5,19,5,33,3,3,2,2,2,4,1,3,1,30,61,"3,5",1,"20",3,1,-0.110399519353879,-0.335366629801002,0,-31
46,1,4,17,1,4,2,2,2,4,5,4,2,2,1,6,58,"3,5",1,"20",3,1,-0.228215865429279,0.880024296731842,0,-52
42,2,2,4,6,10,4,3,3,3,3,4,1,3,4,16,0,"6",2,"20",2,1,-0.573490807300476,-0.335366629801002,0,16
62,2,3,22,2,22,4,4,5,4,5,5,1,5,2,100,1,"6",1,"20",2,1,-0.702531195465942,-1.35285779580556,1,99
49,2,3,19,2,6,4,2,4,2,3,4,1,5,3,21,40,"5",1,"12",4,1,-0.863525020948066,-1.35285779580556,0,-19
64,1,5,11,1,19,6,2,5,3,4,6,1,3,3,59,10,"3,5",1,"20",1,0,-1.32661630889466,-0.335366629801002,0,49
46,1,5,20,2,22,6,5,1,1,4,6,1,5,2,60,3,"3,5",2,"20",2,1,2.17756153223393,-1.35285779580556,1,57
25,2,6,15,5,33,1,1,5,5,1,1,1,5,4,1,49,"3,5",1,"20",2,1,-3.70056524520785,-1.35285779580556,0,-48
63,2,3,17,1,24,6,4,2,1,5,5,2,3,2,99,1,"3,5",2,"20",2,1,1.81480896349274,0.37127871372956,1,98
28,1,4,25,5,47,3,2,1,1,3,4,1,3,3,3,3,"3,5",1,"20",3,1,0.756334231077485,-0.335366629801002,0,0
35,1,6,17,2,29,2,4,1,3,2,5,2,1,1,73,84,"3,5",1,"20",4,1,0.179634694293712,1.38876987973412,0,-11
50,2,4,19,6,12,4,2,4,4,2,4,1,5,1,0,75,"3,5",1,"20",4,1,-2.13702802625416,-1.35285779580556,0,-75
55,1,3,19,6,39,5,4,2,2,3,NA,3,3,2,81,51,"3,5",2,"20",5,1,0.614024313280246,1.07792405726012,1,30
20,2,3,15,6,3,4,1,1,3,1,4,1,1,4,24,35,"2",1,"12,14,5",3,1,-1.24159260686274,0.682124536203561,0,-11
52,2,4,11,5,44,2,2,4,4,2,4,1,5,4,1,95,"3,5",1,"20",5,1,-2.13702802625416,-1.35285779580556,0,-94
26,2,4,20,5,44,4,1,5,5,1,4,1,5,1,0,65,"1,2,3,4,5,6",1,"1,12,14,4,16,6,8",1,0,-3.70056524520785,-1.35285779580556,0,-65
44,1,2,12,5,4,5,5,4,2,5,5,5,1,2,71,1,"3,5",2,"20",1,0,0.933724378581346,3.50870591032581,1,70
45,2,4,7,6,23,4,2,4,2,4,4,1,4,3,38,14,"3,5",2,"20",3,1,-0.487502922575102,-0.844112212803283,0,24
38,2,4,19,1,15,7,4,2,2,5,5,1,5,2,73,8,"3,5",2,"20",3,1,1.36606851002617,-1.35285779580556,1,65
48,1,4,16,1,33,3,5,1,1,5,7,1,3,1,41,55,"6",2,"20",5,1,2.5535836306069,-0.335366629801002,0,-14
58,1,4,25,2,23,4,4,2,2,3,6,1,3,2,88,2,"6",2,"11,1,16,18,9",2,1,0.614024313280246,-0.335366629801002,1,86
31,1,5,19,5,39,2,2,4,5,2,2,1,5,1,15,71,"3,5",2,"20",3,1,-2.58576847972073,-1.35285779580556,0,-56
21,2,3,3,2,44,4,2,3,1,1,1,3,3,2,46,7,"5",1,"1,15,4,7",3,1,-0.776455831374434,1.07792405726012,1,39
39,1,4,12,2,34,5,5,2,1,5,4,2,3,2,71,12,"3,5",2,"20",5,1,2.1632106977539,0.37127871372956,1,59
41,1,5,23,1,3,2,4,2,1,5,4,1,5,1,30,84,"3,5",1,"20",1,0,1.81480896349274,-1.35285779580556,0,-54
29,2,5,20,5,22,3,2,4,3,2,2,1,4,1,17,57,"3,5",1,"20",5,1,-1.6882875727876,-0.844112212803283,0,-40
37,2,4,10,1,4,5,5,1,1,5,5,2,4,2,100,NA,"4",2,"",1,0,2.5535836306069,-0.137466869272721,1,NA
39,2,5,21,2,18,5,4,3,4,4,4,1,5,1,23,30,"3,5",1,"20",2,1,-0.297807428132916,-1.35285779580556,0,-7
21,2,2,18,6,11,4,3,2,2,4,4,3,1,4,6,NA,"1",1,"20",1,0,0.641644677392049,2.09541522326469,0,NA
64,1,5,14,5,5,3,4,3,2,4,3,1,5,1,5,81,"3,5",1,"20",2,1,0.599673478800215,-1.35285779580556,0,-76
53,2,3,14,1,36,4,4,2,2,4,2,1,5,3,33,9,"4",2,"20",1,0,0.990046411653211,-1.35285779580556,0,24
62,2,5,1,6,23,4,1,5,5,1,4,1,3,3,1,9,"3,5",1,"20",5,1,-3.70056524520785,-0.335366629801002,0,-8
56,1,4,16,5,10,3,2,4,2,3,3,2,2,1,30,55,"3,5",1,"20",2,1,-0.863525020948066,0.880024296731842,0,-25
37,1,6,19,1,26,7,5,2,1,5,7,1,3,2,73,4,"3,5",2,"20",3,1,2.1632106977539,-0.335366629801002,1,69
29,1,5,17,2,23,3,3,1,1,5,3,1,2,2,67,30,"3,5",1,"2,14,10",1,0,1.85678016208457,0.17337895320128,1,37
63,1,3,11,5,44,4,2,2,3,3,4,2,2,1,3,93,"3,5",1,"20",4,1,-0.531519608708642,0.880024296731842,0,-90
61,1,4,12,6,10,4,3,3,3,4,5,3,3,3,44,7,"3,5",2,"20",3,1,-0.197468708927511,1.07792405726012,0,37
33,1,4,11,6,5,2,2,4,4,3,2,1,3,1,1,72,"3,5",1,"20",3,1,-1.7610059278812,-0.335366629801002,0,-71
41,2,3,17,6,1,7,5,5,5,5,4,1,5,2,100,2,"3,5",2,"20",1,0,-0.802869914671346,-1.35285779580556,1,98
51,1,6,25,6,47,5,3,4,4,2,5,1,3,3,0,0,"6",2,"16",5,1,-1.788626291993,-0.335366629801002,0,0
52,1,3,17,2,5,4,1,5,5,2,4,1,5,2,100,2,"3,5",2,"20",1,0,-3.32454314683488,-1.35285779580556,1,98
37,2,5,19,2,37,4,2,4,2,1,4,1,5,1,3,73,"6",2,"20",5,1,-1.61556921769399,-1.35285779580556,0,-70
54,2,5,25,2,31,4,3,2,2,3,4,1,3,2,100,50,"3,5",2,"20",1,0,0.265622579019085,-0.335366629801002,1,50
51,2,3,22,1,33,5,2,4,3,3,5,1,5,2,75,6,"3,5",2,"20",2,1,-1.31226547441463,-1.35285779580556,1,69
58,2,5,12,1,31,1,2,4,3,3,1,1,5,1,0,60,"3,5",1,"20",4,1,-1.31226547441463,-1.35285779580556,0,-60
60,2,3,1,2,3,4,2,3,3,2,4,3,3,4,7,12,"3,5",1,"20",5,1,-1.2979146399346,1.07792405726012,0,-5
34,1,2,14,6,10,5,4,3,4,3,3,3,3,2,80,50,"3",1,"1,15,18",3,1,-0.67382952650588,1.07792405726012,1,30
47,1,5,21,2,47,3,2,2,1,1,1,3,1,1,54,86,"1",2,"11,12,2,16,5",1,0,-0.386082898521439,2.09541522326469,0,-32
36,1,5,25,2,11,6,5,4,2,4,5,1,5,2,55,1,"3,5",2,"20",5,1,0.557702280208382,-1.35285779580556,1,54
57,2,4,10,6,5,7,5,1,1,5,7,1,3,NA,NA,NA,"",NA,"",NA,NA,2.5535836306069,-0.335366629801002,NA,NA
41,2,6,21,5,33,1,1,5,4,1,1,1,5,1,0,85,"3,5",1,"20",5,1,-3.25182479174128,-1.35285779580556,0,-85
43,2,5,12,5,10,4,4,2,2,4,4,2,2,4,83,89,"3,5",1,"20",2,1,0.990046411653211,0.880024296731842,0,-6
60,2,5,25,5,5,4,2,4,2,2,4,2,2,4,63,2,"3,5",2,"20",2,1,-1.23954711932103,0.880024296731842,0,61
49,2,4,24,5,33,4,2,4,3,2,2,1,5,1,2,56,"3,5",1,"20",3,1,-1.6882875727876,-1.35285779580556,0,-54
46,1,4,13,2,14,6,4,2,1,5,6,2,2,2,71,NA,"3,5",2,"20",5,1,1.81480896349274,0.880024296731842,1,NA
60,2,4,9,2,18,3,2,2,3,3,5,1,3,4,5,5,"3,5",1,"20",2,1,-0.531519608708642,-0.335366629801002,0,0
57,2,4,3,6,26,4,2,3,3,3,7,1,5,4,0,50,"3,5",2,"20",1,0,-0.921892541561637,-1.35285779580556,0,-50
59,1,6,23,1,36,2,2,4,3,3,2,1,5,1,5,90,"5",1,"20",2,1,-1.31226547441463,-1.35285779580556,0,-85
55,1,4,19,2,14,7,5,1,1,5,7,2,2,2,100,0,"3,5",2,"20",3,1,2.5535836306069,0.880024296731842,1,100
48,2,5,14,1,15,6,4,2,2,4,5,1,5,2,82,1,"4",2,"20",1,0,0.990046411653211,-1.35285779580556,1,81
50,2,4,25,5,44,4,4,2,2,4,4,1,2,2,71,15,"3,5",2,"20",4,1,0.990046411653211,0.17337895320128,1,56
35,2,5,17,5,6,4,5,3,2,3,4,2,4,2,42,29,"3,5",2,"20",5,1,0.572053114688412,-0.137466869272721,1,13
44,1,5,25,1,3,7,5,3,2,4,7,1,4,2,81,1,"3,5",2,"20",5,1,0.948075213061377,-0.844112212803283,1,80
38,1,6,23,3,39,2,2,2,1,2,2,1,4,1,NA,50,"3,5",2,"20",1,0,-0.0100608001484745,-0.844112212803283,0,NA
34,2,1,1,2,39,2,5,1,1,5,4,1,3,1,74,88,"3,5",2,"20",2,1,2.5535836306069,-0.335366629801002,0,-14
51,1,5,17,1,39,6,2,2,3,3,5,2,4,2,62,14,"3,5",2,"20",4,1,-0.531519608708642,-0.137466869272721,1,48
40,1,5,20,2,36,5,5,2,1,5,5,2,3,1,16,25,"3",2,"20",1,0,2.1632106977539,0.37127871372956,0,-9
56,1,6,25,2,33,6,5,2,3,3,5,1,3,2,60,5,"3,5",2,"20",4,1,0.513685594074842,-0.335366629801002,1,55
31,2,5,7,5,23,1,5,2,1,3,2,1,3,1,1,100,"3,5",1,"20",3,1,1.41116650100797,-0.335366629801002,0,-99
49,1,5,23,6,43,4,5,1,1,5,2,1,3,1,1,72,"3,5",1,"20",4,1,2.5535836306069,-0.335366629801002,0,-71
24,2,3,5,5,50,4,3,4,4,2,4,1,3,2,100,13,"3,5",2,"20",1,0,-1.788626291993,-0.335366629801002,1,87
32,2,5,NA,6,6,4,2,3,3,2,4,1,5,3,8,55,"3,5",1,"20",1,0,-1.2979146399346,-1.35285779580556,0,-47
48,1,5,17,5,10,3,4,2,1,3,2,1,5,1,0,80,"3,5",2,"20",2,1,1.06276476674681,-1.35285779580556,0,-80
46,2,5,24,1,11,7,5,4,2,4,7,1,1,2,95,10,"6",2,"20",2,1,0.557702280208382,0.682124536203561,1,85
35,2,3,4,2,5,2,2,4,4,2,4,1,5,1,0,97,"4",1,"12,4",2,1,-2.13702802625416,-1.35285779580556,0,-97
43,2,4,17,6,15,5,4,3,3,4,5,1,4,3,10,3,"3,5",2,"20",3,1,0.15093302533365,-0.844112212803283,0,7
52,1,5,12,6,47,1,1,1,1,5,6,1,3,1,57,73,"3,5",1,"20",2,1,1.15997669356225,-0.335366629801002,0,-16
26,2,3,9,6,14,4,3,3,1,3,4,1,3,2,53,1,"3,5",2,"20",1,0,0.323990099632656,-0.335366629801002,1,52
34,2,3,17,6,44,7,4,3,3,3,7,2,3,4,89,NA,"3,5",2,"20",2,1,-0.225089073039314,0.37127871372956,0,NA
51,2,4,23,5,14,3,4,2,2,4,2,1,5,3,NA,76,"3,5",1,"20",5,1,0.990046411653211,-1.35285779580556,0,NA
42,2,5,17,5,7,1,1,5,5,1,1,1,5,1,0,85,"3,5",1,"20",5,1,-3.70056524520785,-1.35285779580556,0,-85
31,1,3,14,2,1,3,1,3,2,2,7,1,5,1,11,100,"5",1,"1",5,1,-1.1975759207292,-1.35285779580556,0,-89
35,2,4,15,5,36,2,2,4,3,2,1,1,5,1,NA,87,"3",1,"20",1,0,-1.6882875727876,-1.35285779580556,0,NA
27,2,6,19,5,10,2,2,3,1,4,4,1,4,1,25,83,"6",1,"",3,1,0.351610463744459,-0.844112212803283,0,-58
47,1,5,18,1,49,5,5,2,1,5,7,3,2,2,55,0,"3,5",2,"20",2,1,2.1632106977539,1.5866696402624,1,55
47,1,6,12,5,5,5,1,5,5,1,5,1,5,2,80,40,"3,5",2,"20",1,0,-3.70056524520785,-1.35285779580556,1,40
56,1,4,18,2,31,4,2,4,2,2,4,1,5,1,15,72,"3,5",1,"20",5,1,-1.23954711932103,-1.35285779580556,0,-57
50,2,5,25,3,10,7,5,2,1,4,7,1,4,2,93,6,"3,5",2,"20",5,1,1.78718859938094,-0.844112212803283,1,87
55,1,3,10,5,20,4,1,2,5,1,4,1,5,2,100,10,"3,5",2,"20",1,0,-2.52944644664886,-1.35285779580556,1,90
55,2,3,10,6,39,1,2,5,3,2,2,3,3,1,1,75,"3,5",1,"20",2,1,-2.07866050564059,1.07792405726012,0,-74
30,2,4,16,5,14,4,5,1,1,3,4,1,5,4,7,15,"3,5",2,"20",4,1,1.80153943386097,-1.35285779580556,0,-8
46,1,5,21,5,39,4,2,3,3,2,2,3,3,1,7,56,"3,5",2,"20",2,1,-1.2979146399346,1.07792405726012,0,-49
49,2,4,13,6,15,4,1,3,1,4,4,2,5,4,NA,NA,"6",1,"11,2",2,1,0.00320872948329753,-0.646212452275002,0,NA
42,2,6,20,1,44,4,3,3,4,4,2,1,5,1,9,72,"3,5",1,"20",5,1,-0.646209162394077,-1.35285779580556,0,-63
21,1,4,11,4,5,2,2,2,2,3,4,2,3,2,83,72,"1",1,"1,4,7,9",3,1,-0.0827791552420761,0.37127871372956,1,11
45,2,6,20,5,11,3,2,4,4,2,3,1,3,1,3,100,"3,5",1,"20",4,1,-2.13702802625416,-0.335366629801002,0,-97
58,1,5,15,5,4,2,1,5,5,2,1,1,3,1,10,94,"6",1,"20",4,1,-3.32454314683488,-0.335366629801002,0,-84
45,2,4,21,2,31,5,4,2,2,3,4,1,4,4,23,36,"3,5",1,"20",4,1,0.614024313280246,-0.844112212803283,0,-13
22,2,5,18,5,4,2,1,5,4,2,2,1,5,1,4,74,"3,5",1,"20",5,1,-2.87580269336832,-1.35285779580556,0,-70
52,2,1,13,1,44,6,4,2,1,3,6,1,3,4,0,0,"3,5",2,"20",1,0,1.06276476674681,-0.335366629801002,0,0
54,2,5,22,1,43,1,2,4,2,3,2,1,5,3,2,61,"3,5",1,"20",3,1,-0.863525020948066,-1.35285779580556,0,-59
48,1,3,18,6,23,2,1,2,4,1,2,1,5,1,5,100,"3,5",1,"20",3,1,-2.0807059931823,-1.35285779580556,0,-95
49,1,4,16,1,44,7,5,1,1,5,7,4,1,2,78,2,"6",2,"11,1,15,16,18",3,1,2.5535836306069,2.80206056679525,1,76
37,1,4,19,1,41,6,4,2,2,4,5,1,4,2,94,1,"3,5",2,"20",5,1,0.990046411653211,-0.844112212803283,1,93
57,2,4,20,2,6,4,1,2,2,2,6,1,5,2,69,20,"3,5",1,"11,3,9",1,0,-0.807202987876201,-1.35285779580556,1,49
30,2,4,12,6,44,6,5,3,3,5,4,1,3,2,97,NA,"3,5",2,"20",2,1,0.875356857967775,-0.335366629801002,1,NA
44,1,3,18,2,10,6,4,2,2,4,6,1,2,2,62,8,"3,5",2,"20",3,1,0.990046411653211,0.17337895320128,1,54
60,2,6,23,1,26,7,5,1,1,5,7,3,1,2,100,1,"3,5",2,"20",4,1,2.5535836306069,2.09541522326469,1,99
46,1,5,23,1,37,5,5,2,1,5,5,1,3,2,100,0,"6",2,"20",5,1,2.1632106977539,-0.335366629801002,1,100
25,2,5,9,5,39,3,1,5,5,1,1,1,5,4,0,67,"3,5",NA,"",4,1,-3.70056524520785,-1.35285779580556,0,-67
64,1,5,19,3,21,2,2,2,1,4,2,2,1,1,8,93,"6",2,"20",1,0,0.741983396597454,1.38876987973412,0,-85
30,2,5,25,4,48,7,1,2,2,1,1,1,2,1,81,92,"1,2",1,"13,2,3,18,7",5,1,-1.18322508624917,0.17337895320128,0,-11
30,2,4,14,5,10,4,2,3,3,2,4,1,5,4,4,34,"3,5",1,"20",1,0,-1.2979146399346,-1.35285779580556,0,-30
61,2,6,17,2,48,1,1,5,5,1,1,1,5,1,1,93,"3,5",1,"20",4,1,-3.70056524520785,-1.35285779580556,0,-92
47,1,3,24,1,18,4,5,1,1,5,4,2,2,4,0,0,"3,5",2,"20",2,1,2.5535836306069,0.880024296731842,0,0
56,2,5,22,6,33,6,4,2,2,4,5,2,2,2,100,7,"3,6",2,"11,1,13,3,15,16,18,8,9",1,0,0.990046411653211,0.880024296731842,1,93
46,2,4,16,1,10,3,2,4,4,4,4,1,4,1,8,19,"3,5",1,"20",3,1,-1.38498382950823,-0.844112212803283,0,-11
61,2,4,20,1,5,2,4,2,2,3,4,1,3,1,2,99,"3,5",1,"20",4,1,0.614024313280246,-0.335366629801002,0,-97
47,1,4,12,6,37,1,2,4,2,2,1,1,4,1,0,85,"5",1,"20",5,1,-1.23954711932103,-0.844112212803283,0,-85
38,1,6,24,6,10,7,5,1,1,5,5,1,3,2,100,0,"3,5",2,"20",4,1,2.5535836306069,-0.335366629801002,1,100
19,1,2,3,4,43,4,2,2,2,4,4,1,4,4,NA,38,"3",2,"20",3,1,0.293242943130888,-0.844112212803283,0,NA
59,2,3,14,2,47,1,5,1,1,5,4,1,5,1,8,100,"3,5",1,"20",2,1,2.5535836306069,-1.35285779580556,0,-92
33,2,5,18,1,48,5,5,2,1,5,5,1,5,2,62,2,"3,5",2,"20",1,0,2.1632106977539,-1.35285779580556,1,60
48,1,5,21,2,38,4,3,2,3,2,4,2,2,1,1,81,"3,5",1,"20",1,0,-0.559139972820445,0.880024296731842,0,-80
49,1,2,12,2,10,7,4,2,1,5,6,1,4,2,79,2,"6",2,"20",5,1,1.81480896349274,-0.844112212803283,1,77
60,2,3,23,2,21,3,5,2,1,5,4,3,1,2,88,37,"3,5",2,"20",4,1,2.1632106977539,2.09541522326469,1,51
35,2,5,17,5,3,3,2,4,4,3,3,1,5,1,NA,50,"3,5",1,"20",2,1,-1.7610059278812,-1.35285779580556,0,NA
33,2,4,17,5,21,3,3,3,3,4,3,1,3,1,2,84,"3,5",1,"20",3,1,-0.197468708927511,-0.335366629801002,0,-82
58,2,5,17,1,25,4,4,2,2,5,6,1,3,1,1,93,"3,5",1,"20",5,1,1.36606851002617,-0.335366629801002,0,-92
57,1,4,20,6,50,2,2,3,2,4,2,1,3,1,1,100,"3,5",1,"20",4,1,-0.0971299897221069,-0.335366629801002,0,-99
62,2,5,17,5,22,5,3,3,3,3,5,1,5,2,95,3,"3,5",2,"20",5,1,-0.573490807300476,-1.35285779580556,1,92
41,1,4,21,5,26,4,3,2,3,3,4,1,5,3,50,50,"3,5",1,"20",5,1,-0.183117874447481,-1.35285779580556,0,0
23,2,5,20,1,37,6,3,3,2,2,6,1,3,2,70,19,"4",2,"1",1,0,-0.500772452206874,-0.335366629801002,1,51
58,2,3,9,2,24,7,4,2,2,4,2,4,2,2,100,2,"3,5",2,"20",4,1,0.990046411653211,2.29331498379297,1,98
35,2,4,14,2,33,4,5,2,1,4,4,1,3,3,17,31,"6",1,"20",2,1,1.78718859938094,-0.335366629801002,0,-14
26,1,4,17,2,23,5,2,1,3,2,2,2,1,2,59,76,"3,5",1,"20",2,1,-0.517168774228611,1.38876987973412,1,-17
56,2,5,25,2,33,2,4,3,2,4,3,1,3,1,NA,80,"3,5",1,"20",4,1,0.599673478800215,-0.335366629801002,0,NA
20,2,2,15,6,3,4,2,1,1,5,5,1,5,4,0,1,"3,5",1,"20",2,1,1.50837842782341,-1.35285779580556,0,-1
36,2,4,18,2,26,7,5,1,1,5,7,5,1,2,100,3,"3,5",2,"20",4,1,2.5535836306069,3.50870591032581,1,97
36,2,4,17,1,11,6,2,2,4,4,6,1,5,3,92,2,"3,5",1,"20",4,1,-0.604237963802243,-1.35285779580556,0,90
38,1,5,20,6,23,7,4,2,2,4,5,2,2,2,86,0,"3,5",2,"20",1,0,0.990046411653211,0.880024296731842,1,86
50,2,3,15,6,21,2,5,2,1,5,5,2,5,4,9,13,"3,5",2,"20",2,1,2.1632106977539,-0.646212452275002,0,-4
31,1,5,23,2,21,6,1,5,5,1,6,1,5,1,2,66,"3,5",1,"20",4,1,-3.70056524520785,-1.35285779580556,0,-64
44,1,2,23,5,5,3,2,3,2,3,3,1,5,1,10,62,"3,5",1,"20",1,0,-0.473152088095071,-1.35285779580556,0,-52
43,2,5,18,2,44,3,2,3,4,3,4,1,2,1,22,70,"3,5",2,"20",5,1,-1.3706329950282,0.17337895320128,0,-48
36,1,5,17,6,37,4,1,4,1,1,7,1,1,1,15,87,"1,3,4",1,"2,14,18",4,1,-1.51523049848859,0.682124536203561,0,-72
51,2,5,23,3,41,2,2,2,3,2,2,1,2,3,13,45,"5",1,"12,2,14,10",4,1,-0.907541707081606,0.17337895320128,0,-32
65,2,4,15,2,5,3,4,2,2,3,4,1,5,4,27,62,"3,5",1,"20",2,1,0.614024313280246,-1.35285779580556,0,-35
54,1,5,16,2,26,7,2,4,3,3,7,1,3,2,56,22,"3,5",2,"20",2,1,-1.31226547441463,-0.335366629801002,1,34
55,1,3,17,1,1,5,5,1,1,5,6,5,1,2,77,1,"3,5",2,"20",2,1,2.5535836306069,3.50870591032581,1,76
61,1,4,20,1,12,6,2,2,1,4,6,1,5,2,76,21,"6",2,"20",1,0,0.741983396597454,-1.35285779580556,1,55
25,2,3,12,5,5,4,1,4,4,3,4,1,3,4,32,40,"3,5",2,"20",4,1,-2.10940766214236,-0.335366629801002,0,-8
62,2,6,12,1,5,5,2,3,3,3,5,1,5,2,100,30,"3,5",2,"20",1,0,-0.921892541561637,-1.35285779580556,1,70
53,2,4,11,5,24,3,3,4,4,2,3,1,5,1,2,85,"5",1,"20",2,1,-1.788626291993,-1.35285779580556,0,-83
34,2,4,18,4,5,1,3,2,3,2,7,3,1,1,72,100,"1,3,4",2,"1,13,18",4,1,-0.559139972820445,2.09541522326469,0,-28
63,1,4,18,2,23,5,2,2,2,2,6,2,2,3,NA,NA,"6",1,"20",1,0,-0.45880125361504,0.880024296731842,0,NA
38,2,4,18,1,26,5,4,2,2,3,5,1,2,2,42,0,"3,5",2,"20",2,1,0.614024313280246,0.17337895320128,1,42
39,2,5,15,1,34,6,2,3,2,4,6,1,3,2,43,19,"3,5",2,"20",5,1,-0.0971299897221069,-0.335366629801002,1,24
63,2,6,23,1,34,4,4,4,2,4,6,2,2,2,81,1,"6",2,"20",4,1,0.20930054594722,0.880024296731842,1,80
38,2,3,21,5,38,5,4,5,4,1,5,1,5,2,76,8,"3,5",2,"20",4,1,-2.2066195889578,-1.35285779580556,1,68
61,1,5,25,2,5,1,2,4,4,2,2,1,4,1,9,85,"3,5",1,"20",3,1,-2.13702802625416,-0.844112212803283,0,-76
22,2,4,20,1,47,3,3,3,2,3,3,1,5,1,10,75,"3,5",2,"20",1,0,-0.12475035383391,-1.35285779580556,0,-65
20,2,4,17,6,10,6,5,2,2,4,6,1,3,2,85,NA,"3,5",2,"20",5,1,1.33844814591437,-0.335366629801002,1,NA
50,1,5,6,4,16,4,1,5,5,1,4,1,5,4,2,9,"5",1,"20",3,1,-3.70056524520785,-1.35285779580556,0,-7
31,1,5,20,2,44,6,1,1,2,2,1,2,1,2,60,45,"1,5",1,"3,16",1,0,-0.416830055023206,1.38876987973412,1,15
64,2,5,16,2,10,5,5,1,1,5,6,1,3,2,50,NA,"2",2,"1,12,14,4,19",1,0,2.5535836306069,-0.335366629801002,1,NA
57,1,5,22,6,5,5,2,2,1,4,5,1,4,3,29,10,"3,5",1,"20",1,0,0.741983396597454,-0.844112212803283,0,19
49,1,3,12,5,48,2,3,3,4,4,4,2,3,1,0,100,"2",2,"14,19",1,0,-0.646209162394077,0.37127871372956,0,-100
63,1,5,20,2,14,6,5,3,2,4,7,1,3,2,100,0,"3",2,"20",1,0,0.948075213061377,-0.335366629801002,1,100
37,1,5,19,2,33,4,1,2,2,2,5,1,2,1,NA,72,"5",1,"7",1,0,-0.807202987876201,0.17337895320128,0,NA
34,2,3,19,5,6,5,4,2,1,4,4,1,3,3,31,15,"3,5",1,"20",4,1,1.43878686511978,-0.335366629801002,0,16
25,1,6,14,2,11,1,2,2,1,1,5,3,2,1,NA,NA,"",2,"",2,1,-0.386082898521439,1.5866696402624,0,NA
59,2,4,11,2,23,1,2,1,1,4,4,2,1,1,9,84,"3,5",1,"20",5,1,1.13235632945045,1.38876987973412,0,-75
26,2,6,18,5,48,3,2,3,3,2,3,1,3,1,NA,64,"6",1,"1",4,1,-1.2979146399346,-0.335366629801002,0,NA
25,2,4,13,6,41,7,4,2,2,4,7,2,3,2,64,0,"3,5",2,"20",4,1,0.990046411653211,0.37127871372956,1,64
64,2,6,23,2,3,1,2,4,2,4,2,3,2,3,12,7,"3,5",1,"20",5,1,-0.487502922575102,1.5866696402624,0,5
33,1,6,13,5,11,5,2,2,2,5,4,1,3,3,35,0,"3,5",2,"20",4,1,0.669265041503852,-0.335366629801002,0,35
61,1,5,18,1,18,7,4,2,1,5,6,1,2,2,78,9,"3,5",2,"20",5,1,1.81480896349274,0.17337895320128,1,69
50,2,4,11,1,16,7,4,2,1,5,6,1,5,2,0,0,"3,5",2,"20",4,1,1.81480896349274,-1.35285779580556,1,0
60,2,4,19,6,44,7,5,1,1,5,6,4,1,NA,NA,NA,"",NA,"",NA,NA,2.5535836306069,2.80206056679525,NA,NA
66,2,4,17,2,47,6,4,1,1,3,4,2,3,2,91,0,"6",2,"20",3,1,1.45313769959981,0.37127871372956,1,91
44,2,5,24,2,48,4,2,2,2,2,4,1,5,4,0,40,"2",1,"20",5,1,-0.45880125361504,-1.35285779580556,0,-40
50,1,5,20,1,3,5,4,3,2,3,5,1,3,2,66,29,"6",2,"20",2,1,0.223651380427251,-0.335366629801002,1,37
48,2,2,11,6,11,3,5,3,3,5,4,4,1,2,41,52,"3,5",2,"1,14,19",1,0,0.875356857967775,2.80206056679525,1,-11
52,2,5,19,1,5,6,2,4,4,2,6,1,2,3,30,18,"3,5",1,"20",2,1,-2.13702802625416,0.17337895320128,0,12
61,1,5,18,2,22,5,4,3,2,4,5,1,5,3,2,2,"3,5",2,"20",5,1,0.599673478800215,-1.35285779580556,0,0
25,2,5,24,2,33,2,2,3,1,3,3,2,4,1,20,75,"2",1,"11,2,5,6,19",3,1,-0.0244116346285055,-0.137466869272721,0,-55
51,1,5,21,5,6,3,4,2,2,4,3,1,5,1,3,11,"3",2,"20",1,0,0.990046411653211,-1.35285779580556,0,-8
36,1,6,18,1,10,5,3,3,2,5,5,2,2,2,69,6,"3,5",1,"20",3,1,0.627293842912019,0.880024296731842,1,63
37,1,5,20,4,17,4,5,5,1,2,4,1,1,1,21,92,"1",2,"1,3,18,8,9",4,1,-0.135974395923976,0.682124536203561,0,-71
29,2,5,15,1,33,6,5,3,1,3,4,1,2,2,82,1,"4",2,"20",4,1,1.02079356815498,0.17337895320128,1,81
61,1,5,20,1,44,6,4,2,1,5,6,1,2,2,67,13,"3,5",2,"20",5,1,1.81480896349274,0.17337895320128,1,54
32,2,5,19,2,39,6,5,1,1,5,7,1,1,3,70,10,"3,5",1,"20",5,1,2.5535836306069,0.682124536203561,0,60
61,2,3,14,1,38,7,5,1,4,4,7,1,5,2,100,1,"3",2,"20",2,1,0.831340171834235,-1.35285779580556,1,99
44,2,4,4,2,16,6,5,2,1,3,6,3,3,2,88,1,"5",2,"20",1,0,1.41116650100797,1.07792405726012,1,87
59,1,4,17,2,39,7,5,2,1,4,6,1,5,2,27,0,"3,5",2,"20",2,1,1.78718859938094,-1.35285779580556,1,27
35,2,5,23,2,33,4,3,2,1,2,4,1,4,2,84,49,"6",1,"18",5,1,0.338340934112687,-0.844112212803283,1,35
45,1,6,2,2,5,1,1,1,1,1,1,1,3,2,100,57,"3",1,"1",2,1,-0.344111699929605,-0.335366629801002,1,43
51,2,1,11,6,26,4,2,2,1,5,4,3,3,2,50,NA,"3,4,6",1,"20",3,1,1.11800549497042,1.07792405726012,1,NA
58,2,4,11,1,23,1,2,4,4,1,1,1,5,3,NA,62,"3,5",1,"20",1,0,-2.51305012462713,-1.35285779580556,0,NA
51,1,4,14,6,50,7,5,1,1,5,6,1,5,2,100,0,"6",2,"11,1,13,15,16,18,8,9",1,0,2.5535836306069,-1.35285779580556,1,100
35,1,6,21,2,5,1,1,2,1,2,4,1,2,2,93,54,"3,5",1,"1,3,7",2,1,-0.358462534409636,0.17337895320128,1,39
53,2,4,23,6,22,5,3,2,1,4,4,2,2,2,5,10,"1",2,"1",3,1,1.09038513085861,0.880024296731842,1,-5
47,2,5,14,1,41,5,3,3,2,4,6,3,4,2,44,39,"3,5",2,"20",4,1,0.251271744539054,0.569178474257841,1,5
35,1,6,24,2,5,1,1,2,1,2,4,1,2,1,82,96,"",1,"20",1,0,-0.358462534409636,0.17337895320128,0,-14
46,2,4,20,1,43,4,4,4,2,5,7,1,5,3,2,2,"3,5",2,"20",2,1,0.585322644320185,-1.35285779580556,0,0
21,1,4,9,6,38,2,2,2,1,4,1,1,2,2,74,2,"6",1,"11,1,3,15,16,18,8",5,1,0.741983396597454,0.17337895320128,1,72
45,1,5,23,2,15,7,5,5,2,5,7,1,3,3,62,NA,"3,5",2,"20",5,1,0.543351445728351,-0.335366629801002,0,NA
50,2,4,19,2,31,7,5,1,1,5,6,5,3,2,79,14,"3,5",2,"20",3,1,2.5535836306069,2.49121474432125,1,65
50,1,3,19,1,37,7,4,2,2,4,6,1,3,2,100,NA,"3,5",2,"20",5,1,0.990046411653211,-0.335366629801002,1,NA
35,1,6,20,6,5,1,5,1,1,5,4,1,1,1,7,92,"3,5",1,"20",3,1,2.5535836306069,0.682124536203561,0,-85
63,2,4,14,1,6,6,2,2,2,4,6,1,4,3,5,6,"3,5",2,"20",4,1,0.293242943130888,-0.844112212803283,0,-1
46,1,4,21,1,1,7,5,1,1,5,7,1,2,2,73,NA,"3,5",2,"20",4,1,2.5535836306069,0.17337895320128,1,NA
32,2,4,17,6,43,4,5,2,2,4,4,1,5,1,38,72,"6",1,"20",1,0,1.33844814591437,-1.35285779580556,0,-34
47,2,6,15,1,26,5,2,2,2,4,6,1,3,3,14,6,"6",2,"20",3,1,0.293242943130888,-0.335366629801002,0,8
25,1,4,19,5,23,4,2,3,2,1,4,1,5,3,0,11,"3,5",1,"20",3,1,-1.225196284841,-1.35285779580556,0,-11
28,1,5,20,5,31,2,2,3,1,5,5,1,4,1,18,85,"3,5",1,"20",2,1,0.727632562117423,-0.844112212803283,0,-67
27,2,4,17,6,33,5,2,4,1,5,4,1,5,2,69,NA,"6",2,"20",4,1,0.337259629264428,-1.35285779580556,1,NA
49,2,4,16,1,11,4,4,2,2,3,7,1,2,2,92,NA,"3,5",2,"20",3,1,0.614024313280246,0.17337895320128,1,NA
63,1,6,14,1,10,2,2,2,2,3,6,1,3,1,30,100,"3",2,"20",2,1,-0.0827791552420761,-0.335366629801002,0,-70
27,2,4,19,2,47,1,1,1,1,2,4,1,1,1,77,99,"1",1,"3,15",2,1,0.0319103984433592,0.682124536203561,0,-22
26,2,4,17,2,50,1,2,5,4,2,2,1,5,3,0,11,"3,5",1,"20",3,1,-2.52740095910716,-1.35285779580556,0,-11
57,2,4,12,6,34,2,2,5,5,1,1,1,5,1,0,72,"3,5",1,"20",1,0,-3.35216351094669,-1.35285779580556,0,-72
60,1,6,25,6,34,1,1,4,4,1,1,1,3,1,1,61,"3,5",1,"20",1,0,-2.86145185888829,-0.335366629801002,0,-60
64,1,6,18,1,43,4,4,2,1,5,4,2,3,1,8,61,"3,5",2,"20",2,1,1.81480896349274,0.37127871372956,0,-53
41,1,5,25,2,36,5,2,4,2,2,5,1,4,3,40,4,"5",2,"20",4,1,-1.23954711932103,-0.844112212803283,0,36
65,1,6,25,2,31,7,5,1,1,5,7,2,2,2,91,0,"3,5",2,"20",3,1,2.5535836306069,0.880024296731842,1,91
47,2,5,19,1,36,6,2,2,2,2,6,1,4,2,72,28,"3,5",2,"20",3,1,-0.45880125361504,-0.844112212803283,1,44
59,2,5,19,1,39,6,5,2,1,5,4,1,3,2,40,15,"3,5",2,"20",4,1,2.1632106977539,-0.335366629801002,1,25
48,1,3,19,6,10,6,5,2,2,5,4,3,3,2,70,NA,"6",2,"1,9",1,0,1.71447024428734,1.07792405726012,1,NA
25,2,3,12,5,39,4,3,5,5,2,4,1,5,1,NA,70,"2",1,"20",2,1,-2.62773967831256,-1.35285779580556,0,NA
31,2,3,1,6,48,4,3,3,3,3,4,3,3,1,NA,31,"2,3,4",1,"20",3,1,-0.573490807300476,1.07792405726012,0,NA
46,1,5,21,1,11,1,1,2,1,2,7,1,2,1,72,69,"1,3,6",1,"1,13,16,5,19,9",1,0,-0.358462534409636,0.17337895320128,0,3
24,2,4,15,2,18,4,5,1,1,4,3,1,5,3,43,16,"3,5",2,"20",4,1,2.17756153223393,-1.35285779580556,0,27
25,2,4,17,2,31,3,3,2,2,2,2,1,5,3,16,68,"3,5",1,"20",5,1,-0.110399519353879,-1.35285779580556,0,-52
22,2,4,8,5,24,4,3,3,3,3,4,3,3,3,5,0,"3,5",2,"20",5,1,-0.573490807300476,1.07792405726012,0,5
NA,1,5,23,5,11,2,1,2,2,1,4,1,5,1,40,82,"3,5",1,"20",1,0,-1.18322508624917,-1.35285779580556,0,-42
50,1,3,19,5,33,5,4,3,2,4,4,1,4,3,42,0,"3,5",2,"20",3,1,0.599673478800215,-0.844112212803283,0,42
32,2,5,7,5,24,3,4,4,2,4,3,1,3,1,2,35,"3,5",1,"20",3,1,0.20930054594722,-0.335366629801002,0,-33
21,1,5,19,5,15,5,3,2,2,2,5,1,3,2,70,20,"3,5",1,"20",3,1,-0.110399519353879,-0.335366629801002,1,50
57,2,5,18,5,36,6,4,2,2,5,7,2,4,2,91,NA,"6",2,"1,15",3,1,1.36606851002617,-0.137466869272721,1,NA
27,2,4,16,2,24,4,5,3,2,4,4,1,4,4,33,NA,"5",1,"20",3,1,0.948075213061377,-0.844112212803283,0,NA
44,2,6,19,1,11,7,3,2,2,3,6,2,2,2,85,10,"3,5",2,"20",5,1,0.265622579019085,0.880024296731842,1,75
46,1,5,12,5,47,1,2,3,3,2,2,1,3,1,0,87,"3,5",1,"20",3,1,-1.2979146399346,-0.335366629801002,0,-87
56,2,5,19,2,49,4,2,2,3,3,4,2,3,NA,39,60,"3,5",NA,"20",3,1,-0.531519608708642,0.37127871372956,NA,-21
64,1,6,17,5,50,4,2,4,4,1,4,1,3,1,1,61,"3,5",1,"20",2,1,-2.51305012462713,-0.335366629801002,0,-60
31,2,3,19,1,7,3,1,4,4,2,3,1,5,1,0,85,"3,5",1,"20",4,1,-2.48542976051532,-1.35285779580556,0,-85
29,2,4,18,6,22,3,1,5,3,2,1,1,5,1,1,33,"5",1,"20",1,0,-2.42706223990175,-1.35285779580556,0,-32
47,2,4,22,2,44,4,5,2,2,1,6,1,5,2,51,3,"3,5",2,"20",4,1,0.210381850795479,-1.35285779580556,1,48
35,1,6,24,NA,33,2,1,1,1,1,2,1,2,1,66,98,"2",1,"11,2,14,16,5,8",2,1,-0.344111699929605,0.17337895320128,0,-32
44,2,5,25,2,50,7,5,1,1,2,6,2,2,2,81,NA,"3,5",2,"20",4,1,1.425517335488,0.880024296731842,1,NA
34,1,6,16,2,31,1,1,4,4,2,3,2,3,1,3,89,"6",1,"20",3,1,-2.48542976051532,0.37127871372956,0,-86
28,1,6,19,2,10,5,2,1,2,3,6,2,1,2,73,58,"1",1,"12,14,3,6",2,1,0.307593777610919,1.38876987973412,1,15
40,1,3,25,3,14,4,2,2,2,2,3,2,2,2,58,62,"1",1,"1,18,7",2,1,-0.45880125361504,0.880024296731842,1,-4
35,2,5,17,5,23,2,4,2,1,5,2,1,5,1,47,83,"3,5",2,"20",1,0,1.81480896349274,-1.35285779580556,0,-36
61,1,6,20,2,23,2,3,4,2,2,3,1,4,1,12,79,"3,5",1,"20",4,1,-0.891145385059869,-0.844112212803283,0,-67
53,2,4,17,2,10,4,5,1,1,5,4,1,5,2,87,3,"3,5",2,"20",1,0,2.5535836306069,-1.35285779580556,1,84
37,1,5,20,2,38,1,1,5,5,2,1,1,3,1,80,NA,"3,5",1,"20",3,1,-3.32454314683488,-0.335366629801002,0,NA
34,2,5,24,2,10,2,4,3,3,4,2,1,3,1,4,90,"3,5",2,"20",1,0,0.15093302533365,-0.335366629801002,0,-86
29,1,4,21,5,34,6,2,2,2,2,6,2,2,3,25,36,"3,5",2,"1,13,5,17,18,10",5,1,-0.45880125361504,0.880024296731842,0,-11
22,2,6,5,2,48,4,2,2,1,2,4,2,2,2,40,46,"2",1,"1",4,1,-0.0100608001484745,0.880024296731842,1,-6
34,1,5,24,2,33,6,2,1,2,1,7,1,2,1,59,67,"1",1,"1,13,3,7",3,1,-0.444450419135009,0.17337895320128,0,-8
41,1,5,18,5,41,5,2,2,2,4,5,1,3,2,72,10,"3,5",2,"20",4,1,0.293242943130888,-0.335366629801002,1,62
36,1,4,18,6,41,3,5,1,1,5,5,1,5,2,64,3,"3,5",2,"20",5,1,2.5535836306069,-1.35285779580556,1,61
24,1,5,19,6,11,4,1,5,5,1,4,1,5,4,42,1,"3,5",2,"20",1,0,-3.70056524520785,-1.35285779580556,0,41
29,1,5,16,2,10,1,4,1,1,5,1,2,1,2,97,61,"3,5",2,"20",1,0,2.20518189634574,1.38876987973412,1,36
24,1,4,7,1,15,4,5,5,1,2,4,1,2,3,61,79,"1",1,"11",4,1,-0.135974395923976,0.17337895320128,0,-18
54,1,6,19,3,38,2,2,5,5,4,4,1,5,3,10,23,"3,5",1,"20",1,0,-2.22409721582779,-1.35285779580556,0,-13
30,1,6,12,2,33,6,2,2,2,3,6,2,1,2,100,19,"3,5",2,"20",5,1,-0.0827791552420761,1.38876987973412,1,81
32,2,5,4,2,33,5,1,1,1,1,4,1,1,1,NA,28,"1",2,"13,14,16,7,8",5,1,-0.344111699929605,0.682124536203561,0,NA
29,1,6,20,5,14,4,1,1,2,1,1,1,2,1,2,100,"1",2,"1,14,4,5,17,6",2,1,-0.792852153396171,0.17337895320128,0,-98
26,1,5,18,5,33,4,3,4,3,3,4,1,3,3,25,58,"3,5",2,"11,1,16",3,1,-0.963863740153471,-0.335366629801002,0,-33
47,2,3,14,6,36,5,3,2,2,4,4,3,2,1,57,78,"3,5",2,"20",3,1,0.641644677392049,1.5866696402624,0,-21
29,2,3,16,6,5,1,5,1,1,4,1,1,3,2,100,NA,"3,5",2,"20",4,1,2.17756153223393,-0.335366629801002,1,NA
33,2,4,14,2,14,2,2,2,2,2,4,1,3,1,23,56,"3,5",2,"20",1,0,-0.45880125361504,-0.335366629801002,0,-33
31,2,4,2,6,19,4,2,4,2,3,4,2,4,4,32,50,"3,5",1,"20",2,1,-0.863525020948066,-0.137466869272721,0,-18
31,2,5,24,2,33,5,2,1,1,5,4,1,3,3,10,1,"3,5",2,"20",4,1,1.50837842782341,-0.335366629801002,0,9
58,2,4,4,6,8,3,5,2,2,4,4,2,1,2,87,3,"3,5",2,"20",3,1,1.33844814591437,1.38876987973412,1,84
34,1,5,25,5,37,2,1,5,4,2,3,1,4,1,4,50,"6",1,"20",2,1,-2.87580269336832,-0.844112212803283,0,-46
50,2,3,17,1,36,7,1,5,3,5,7,1,5,2,100,10,"4",2,"1,13,16,18",5,1,-1.29899594478286,-1.35285779580556,1,90
24,2,5,7,1,47,3,4,2,2,3,3,1,4,2,58,49,"3,5",2,"20",3,1,0.614024313280246,-0.844112212803283,1,9
60,2,5,12,1,37,3,4,3,3,4,4,2,3,4,NA,NA,"3,5",1,"11,1,3,15,4,16,9",3,1,0.15093302533365,0.37127871372956,0,NA
47,1,6,25,5,14,1,1,5,4,1,2,1,5,1,0,100,"3,5",2,"20",3,1,-3.25182479174128,-1.35285779580556,0,-100
64,1,5,21,5,38,1,3,3,3,3,1,3,3,1,15,85,"3,5",1,"11,1",5,1,-0.573490807300476,1.07792405726012,0,-70
34,2,5,25,4,50,7,5,1,1,5,4,1,5,3,49,50,"3,5",1,"20",3,1,2.5535836306069,-1.35285779580556,0,-1
40,1,4,19,1,11,7,2,1,2,5,1,2,2,1,5,33,"6",1,"12,16,5",5,1,1.05963797435685,0.880024296731842,0,-28
28,2,6,18,1,44,7,2,3,2,3,7,1,5,3,13,2,"3,5",2,"20",1,0,-0.473152088095071,-1.35285779580556,0,11
46,2,4,18,3,34,4,3,2,2,3,1,2,5,1,0,37,"3,5",2,"13,15,17",1,0,0.265622579019085,-0.646212452275002,0,-37
46,1,6,22,1,14,6,4,2,2,5,6,1,2,1,86,6,"3,5",2,"20",3,1,1.36606851002617,0.17337895320128,0,80
30,1,5,19,2,10,2,2,4,2,2,2,4,1,1,74,95,"3,5",1,"11,1,13,3,16",1,0,-1.23954711932103,2.80206056679525,0,-21
37,2,5,25,1,15,6,5,1,1,5,6,2,2,2,60,9,"3,5",2,"20",5,1,2.5535836306069,0.880024296731842,1,51
30,1,6,19,2,10,2,2,2,1,2,4,2,1,1,87,100,"1",2,"3,4,5",5,1,-0.0100608001484745,1.38876987973412,0,-13
58,1,4,23,1,22,5,4,2,2,3,5,2,4,2,68,4,"3,5",2,"20",1,0,0.614024313280246,-0.137466869272721,1,64
38,2,5,17,2,4,3,1,3,4,1,3,1,3,1,12,54,"3,5",1,"20",1,0,-2.47107892603529,-0.335366629801002,0,-42
53,2,5,23,1,10,6,2,2,2,3,4,1,1,2,95,NA,"3,5",2,"20",2,1,-0.0827791552420761,0.682124536203561,1,NA
33,2,5,20,2,15,1,2,2,2,4,6,1,5,1,20,91,"3,5",1,"20",5,1,0.293242943130888,-1.35285779580556,0,-71
30,1,6,20,2,50,2,2,2,2,3,4,1,3,1,50,86,"1",1,"1,3",1,0,-0.0827791552420761,-0.335366629801002,0,-36
62,2,4,12,5,48,1,3,5,3,3,4,1,5,1,2,85,"3,5",2,"20",1,0,-1.35423667300647,-1.35285779580556,0,-83
1983,1,5,17,2,33,1,3,2,2,2,6,1,1,1,87,92,"3,5",1,"1,15,17",5,1,-0.110399519353879,0.682124536203561,0,-5
64,2,4,25,5,48,2,3,2,1,4,2,1,3,1,1,93,"3,5",1,"20",4,1,1.09038513085861,-0.335366629801002,0,-92
54,2,4,15,1,5,7,4,4,2,4,4,1,5,2,82,19,"3,5",2,"20",3,1,0.20930054594722,-1.35285779580556,1,63
44,1,6,24,2,39,4,4,3,3,4,4,3,5,1,12,65,"3,5",1,"20",3,1,0.15093302533365,0.0604328912555598,0,-53
37,1,5,20,2,5,1,1,1,1,1,4,1,1,2,93,72,"1",1,"11,1,12,13,2,3,15,4,16,5,17,6",4,1,-0.344111699929605,0.682124536203561,1,21
28,2,4,14,5,39,4,4,3,2,4,5,2,3,3,6,10,"3,5",1,"20",4,1,0.599673478800215,0.37127871372956,0,-4
28,1,5,21,2,38,6,3,3,3,3,4,3,2,2,80,38,"1",1,"20",1,0,-0.573490807300476,1.5866696402624,1,42
36,1,5,18,2,7,4,2,2,2,4,5,2,3,4,39,42,"5",2,"20",4,1,0.293242943130888,0.37127871372956,0,-3
35,1,5,21,2,5,4,2,2,3,2,4,2,3,2,71,52,"3,5",2,"20",4,1,-0.907541707081606,0.37127871372956,1,19
40,2,5,19,1,10,6,5,2,1,4,5,1,3,2,70,NA,"3,5",2,"20",3,1,1.78718859938094,-0.335366629801002,1,NA
31,1,5,13,6,48,4,3,5,4,2,3,1,3,2,16,NA,"6",2,"20",3,1,-2.178999224846,-0.335366629801002,1,NA
27,1,6,24,2,33,5,2,2,3,1,4,4,3,2,77,53,"3,5",1,"20",3,1,-1.28356380545457,1.78456940079068,1,24
26,1,5,18,2,14,1,1,1,1,2,1,2,1,1,12,93,"3,5",1,"1,13,5",2,1,0.0319103984433592,1.38876987973412,0,-81
47,1,4,22,2,39,3,5,3,1,5,4,1,3,2,55,46,"3,5",2,"20",3,1,1.77283776490091,-0.335366629801002,1,9
NA,2,3,17,6,48,5,5,3,2,3,4,1,5,4,NA,39,"3,5",1,"20",1,0,0.572053114688412,-1.35285779580556,0,NA
32,2,5,17,5,26,4,5,1,1,5,5,3,3,2,100,0,"3,5",2,"20",3,1,2.5535836306069,1.07792405726012,1,100
35,2,5,14,6,34,3,5,1,1,5,3,1,5,1,8,76,"3,5",1,"20",2,1,2.5535836306069,-1.35285779580556,0,-68
40,1,5,18,2,41,4,4,4,3,5,2,1,5,2,100,NA,"3,5",2,"20",3,1,0.136582190853619,-1.35285779580556,1,NA
24,1,5,18,3,14,4,3,3,3,3,4,3,3,3,NA,NA,"3,5",2,"20",4,1,-0.573490807300476,1.07792405726012,0,NA
39,1,4,14,5,36,4,5,2,1,4,3,1,4,3,7,12,"2",2,"20",5,1,1.78718859938094,-0.844112212803283,0,-5
33,1,6,25,5,11,1,1,4,4,1,1,1,1,1,0,100,"3,5",1,"20",4,1,-2.86145185888829,0.682124536203561,0,-100
35,1,6,21,2,8,1,1,1,1,1,6,1,1,1,91,74,"2",1,"11,4,17,8",3,1,-0.344111699929605,0.682124536203561,0,17
30,1,6,21,5,48,4,2,2,2,2,1,2,3,1,21,71,"3,5",2,"20",4,1,-0.45880125361504,0.37127871372956,0,-50
23,2,6,20,2,33,1,1,5,4,2,1,1,3,1,0,100,"5",1,"11,1,4,18",3,1,-2.87580269336832,-0.335366629801002,0,-100
28,1,5,24,2,5,2,1,2,2,1,4,2,1,1,12,NA,"3,5",1,"13,15,17",4,1,-1.18322508624917,1.38876987973412,0,NA
36,2,5,19,5,10,2,2,2,2,1,2,2,4,1,0,100,"3,5",2,"20",2,1,-0.834823351988004,-0.137466869272721,0,-100
35,2,4,20,1,36,4,1,2,2,2,4,1,5,2,70,0,"3,5",2,"20",3,1,-0.807202987876201,-1.35285779580556,1,70
42,1,5,19,6,44,3,2,4,4,3,2,1,5,1,0,58,"3,5",1,"20",2,1,-1.7610059278812,-1.35285779580556,0,-58
55,1,3,17,2,5,6,4,1,1,3,4,2,2,2,100,0,"6",2,"1",4,1,1.45313769959981,0.880024296731842,1,100
54,1,3,14,2,14,4,3,2,2,4,1,1,5,2,89,1,"3,5",1,"20",2,1,0.641644677392049,-1.35285779580556,1,88
34,1,5,24,2,31,6,2,2,2,2,7,2,2,1,59,73,"1",1,"11,1,5,18,7",1,0,-0.45880125361504,0.880024296731842,0,-14
31,1,6,17,6,33,2,1,1,3,2,4,3,2,1,14,100,"5",1,"1,4",2,1,-0.865570508489772,1.5866696402624,0,-86
22,2,5,18,1,21,3,2,4,4,3,3,1,5,1,1,93,"3,5",1,"2,14,4,6,7,19,10",5,1,-1.7610059278812,-1.35285779580556,0,-92
36,1,6,22,2,47,1,1,2,1,1,4,1,3,1,47,85,"3,5",2,"20",4,1,-0.7344846327826,-0.335366629801002,0,-38
45,2,5,17,5,17,2,2,3,2,3,2,2,4,1,0,72,"3,5",1,"20",5,1,-0.473152088095071,-0.137466869272721,0,-72
35,1,5,24,2,5,1,1,1,1,1,3,1,1,1,85,80,"1",1,"1,12,3,15",2,1,-0.344111699929605,0.682124536203561,0,5
24,1,5,18,2,36,5,2,4,2,3,4,1,2,4,73,59,"5",2,"11,1,12,13,4,16,18,8,10",4,1,-0.863525020948066,0.17337895320128,0,14
35,1,2,19,2,33,5,2,1,2,1,3,3,3,1,65,63,"1,6",1,"1,15,6",4,1,-0.444450419135009,1.07792405726012,0,2
32,2,2,9,6,10,4,4,1,1,5,4,3,2,2,52,50,"3,5",2,"20",5,1,2.20518189634574,1.5866696402624,1,2
34,1,6,18,2,38,2,2,2,1,1,3,1,3,1,51,91,"3,5",1,"1,13,3,16,18,8",2,1,-0.386082898521439,-0.335366629801002,0,-40
44,1,5,19,1,44,3,2,2,1,2,3,1,1,1,70,85,"3,5",1,"20",1,0,-0.0100608001484745,0.682124536203561,0,-15
26,2,4,12,6,16,4,5,2,1,5,4,1,3,2,70,29,"4",2,"20",2,1,2.1632106977539,-0.335366629801002,1,41
32,1,6,19,1,10,1,1,2,1,1,4,1,2,1,44,100,"5",1,"20",5,1,-0.7344846327826,0.17337895320128,0,-56
47,2,3,17,1,26,6,4,1,2,5,5,4,1,2,81,41,"3,5",1,"20",2,1,1.75644144287917,2.80206056679525,1,40
42,2,4,21,6,10,6,5,1,2,5,5,2,2,2,75,25,"3,5",2,"20",5,1,2.10484317714033,0.880024296731842,1,50
35,1,6,24,2,5,1,1,2,2,4,5,3,2,2,100,43,"1",1,"11,1,13,18",1,0,-0.055158791130273,1.5866696402624,1,57
22,1,5,25,2,10,4,3,2,1,2,4,2,1,1,97,100,"1",1,"1",1,0,0.338340934112687,1.38876987973412,0,-3
34,1,5,17,2,33,1,3,2,3,2,6,2,2,1,88,96,"3,5",1,"14,16,7",1,0,-0.559139972820445,0.880024296731842,0,-8
38,1,6,25,2,5,7,1,1,2,1,7,1,1,2,100,11,"6",1,"11,1,18,8",3,1,-0.792852153396171,0.682124536203561,1,89
35,1,6,23,2,33,2,1,1,1,1,4,1,1,1,79,92,"3,5",1,"20",3,1,-0.344111699929605,0.682124536203561,0,-13
36,1,6,24,2,14,6,2,2,2,1,6,2,1,1,20,81,"1",2,"1,12,3,6",3,1,-0.834823351988004,1.38876987973412,0,-61
24,2,4,11,5,48,2,3,4,3,1,2,1,3,3,0,NA,"3,5",1,"20",3,1,-1.7159079368994,-0.335366629801002,0,NA
31,1,6,18,1,10,1,2,1,2,4,2,1,3,2,95,69,"3,5",2,"20",1,0,0.683615875983883,-0.335366629801002,1,26
63,2,3,18,2,39,1,3,3,3,3,4,2,4,1,7,76,"3,5",2,"20",5,1,-0.573490807300476,-0.137466869272721,0,-69
24,1,5,17,2,10,4,2,2,1,2,4,2,3,2,81,79,"1",1,"1,13,5,17",4,1,-0.0100608001484745,0.37127871372956,1,2
44,1,6,23,5,48,7,2,4,5,1,7,5,3,2,74,8,"3,5",1,"20",3,1,-2.96179057809369,2.49121474432125,1,66
33,1,4,24,2,38,7,5,5,5,3,4,5,1,1,6,80,"1",2,"13,3,5,17,8",4,1,-1.55491411141727,3.50870591032581,0,-74
35,1,5,25,2,5,2,2,2,2,2,5,2,2,1,30,87,"3,5",2,"20",4,1,-0.45880125361504,0.880024296731842,0,-57
47,2,4,21,2,5,7,2,2,2,3,7,2,3,2,100,NA,"6",2,"20",1,0,-0.0827791552420761,0.37127871372956,1,NA
47,2,5,19,6,48,2,2,4,4,2,2,1,5,1,5,65,"6",1,"20",2,1,-2.13702802625416,-1.35285779580556,0,-60
42,2,3,1,5,21,4,3,2,2,2,5,2,2,2,100,11,"5",2,"3",2,1,-0.110399519353879,0.880024296731842,1,89
39,1,3,18,2,34,2,2,2,2,2,4,1,5,1,3,73,"3,5",1,"20",4,1,-0.45880125361504,-1.35285779580556,0,-70
29,2,4,15,5,6,1,2,3,4,2,1,1,5,3,0,0,"3,5",1,"20",3,1,-1.74665509340117,-1.35285779580556,0,0
33,2,5,19,2,5,1,1,1,1,1,7,1,1,1,51,100,"1,2",1,"1,3,4,5,6,18,7",2,1,-0.344111699929605,0.682124536203561,0,-49
42,2,6,19,5,6,2,1,5,5,1,2,1,5,1,NA,81,"3,5",1,"20",4,1,-3.70056524520785,-1.35285779580556,0,NA
37,1,6,21,2,44,1,1,5,1,5,7,1,3,1,3,100,"3,5",1,"20",2,1,-0.401515037849728,-0.335366629801002,0,-97
39,2,3,12,6,43,3,5,3,2,3,4,1,5,1,10,86,"3,5",2,"20",4,1,0.572053114688412,-1.35285779580556,0,-76
57,1,5,20,5,39,2,5,1,1,5,4,2,1,2,83,2,"3,5",2,"20",4,1,2.5535836306069,1.38876987973412,1,81
41,2,4,10,6,20,1,1,3,3,2,7,4,3,1,50,81,"6",2,"20",4,1,-1.64631637419576,1.78456940079068,0,-31
39,1,6,25,6,24,5,2,4,3,1,5,1,3,2,31,0,"3,5",1,"20",4,1,-2.06430967116056,-0.335366629801002,1,31
35,2,5,24,5,33,1,1,3,3,1,1,1,5,1,1,100,"3,5",1,"20",3,1,-2.02233847256873,-1.35285779580556,0,-99
29,2,3,1,6,25,4,5,4,2,5,4,4,2,2,71,76,"3,5",2,"20",2,1,0.933724378581346,2.29331498379297,1,-5
48,2,4,23,2,44,7,5,2,2,4,7,2,4,2,72,1,"3,5",2,"20",4,1,1.33844814591437,-0.137466869272721,1,71
54,2,6,17,3,10,1,4,1,1,2,2,1,3,1,6,90,"3",1,"20",2,1,1.07711560122684,-0.335366629801002,0,-84
29,1,5,18,2,47,2,2,3,2,3,4,1,3,3,41,75,"3,5",1,"20",1,0,-0.473152088095071,-0.335366629801002,0,-34
61,2,4,15,5,22,4,1,5,5,1,1,1,3,3,40,21,"5",1,"20",2,1,-3.70056524520785,-0.335366629801002,0,19
28,2,4,11,1,3,3,2,4,2,2,5,1,5,3,5,53,"3,5",1,"20",2,1,-1.23954711932103,-1.35285779580556,0,-48
36,2,5,20,2,5,2,2,4,3,2,3,1,3,1,1,98,"3,5",1,"20",3,1,-1.6882875727876,-0.335366629801002,0,-97
54,2,5,19,1,14,1,2,4,4,2,2,1,5,1,6,90,"3,5",1,"20",2,1,-2.13702802625416,-1.35285779580556,0,-84
61,2,4,20,5,37,4,3,3,2,4,4,1,5,4,50,2,"3,5",2,"20",2,1,0.251271744539054,-1.35285779580556,0,48
26,2,4,8,6,34,4,3,2,2,3,3,2,2,4,19,9,"3,5",1,"20",4,1,0.265622579019085,0.880024296731842,0,10
36,1,3,21,2,33,7,3,1,2,2,2,1,2,2,100,81,"1",1,"1,15",5,1,0.279973413499116,0.17337895320128,1,19
45,2,2,13,6,43,3,5,1,1,5,4,5,1,1,15,100,"2",1,"11",1,0,2.5535836306069,3.50870591032581,0,-85
34,1,6,20,2,33,1,1,2,2,2,1,2,1,1,19,100,"1",1,"11,12,14,16,6,19",3,1,-0.807202987876201,1.38876987973412,0,-81
52,2,4,18,1,43,5,2,5,5,5,5,1,5,2,60,2,"3,5",2,"20",4,1,-1.84807511745483,-1.35285779580556,1,58
29,2,4,18,2,36,7,5,1,1,5,6,1,3,2,83,NA,"3,5",2,"20",5,1,2.5535836306069,-0.335366629801002,1,NA
60,1,4,17,6,36,3,4,3,2,4,4,1,1,1,0,1,"3,5",1,"20",2,1,0.599673478800215,0.682124536203561,0,-1
25,2,4,15,2,23,4,4,1,2,5,4,2,4,4,66,32,"4",2,"20",3,1,1.75644144287917,-0.137466869272721,0,34
31,1,6,25,2,17,1,3,2,2,5,2,3,3,2,86,81,"1",2,"1,6",4,1,1.01766677576501,1.07792405726012,1,5
31,2,4,17,6,29,1,2,2,2,3,4,1,4,1,16,49,"3,5",1,"20",1,0,-0.0827791552420761,-0.844112212803283,0,-33
49,2,5,13,5,39,4,2,2,2,2,4,2,3,1,48,77,"6",1,"12,15,4",5,1,-0.45880125361504,0.37127871372956,0,-29
29,1,6,24,2,39,7,3,5,4,3,7,1,3,2,99,7,"3,5",2,"20",5,1,-1.80297712647303,-0.335366629801002,1,92
56,2,4,17,1,24,7,5,1,1,5,7,1,5,2,100,NA,"5",2,"20",4,1,2.5535836306069,-1.35285779580556,1,NA
49,1,5,19,2,14,3,2,4,4,3,4,1,4,1,0,100,"3,5",1,"20",3,1,-1.7610059278812,-0.844112212803283,0,-100
32,2,4,17,2,10,5,5,2,1,5,5,1,5,3,26,6,"3,5",1,"20",1,0,2.1632106977539,-1.35285779580556,0,20
23,1,3,13,3,29,6,1,3,2,3,5,2,1,2,70,NA,"3",2,"1,3,16",5,1,-0.821553822356232,1.38876987973412,1,NA
62,2,4,20,2,10,1,2,5,5,3,4,1,5,1,3,96,"3,5",1,"20",2,1,-2.60011931420076,-1.35285779580556,0,-93
35,2,6,19,2,47,2,4,4,2,4,4,1,4,2,17,15,"3,5",2,"2,14,4,17,6,19",2,1,0.20930054594722,-0.844112212803283,1,2
64,2,5,19,5,23,4,4,3,4,3,2,1,4,1,NA,92,"3,5",1,"20",5,1,-0.67382952650588,-0.844112212803283,0,NA
22,2,3,18,2,11,4,5,2,1,5,4,1,3,2,65,2,"3,5",2,"20",2,1,2.1632106977539,-0.335366629801002,1,63
25,2,4,20,6,48,6,5,3,4,2,6,1,5,3,20,15,"3,5",2,"20",4,1,-0.701449890617683,-1.35285779580556,0,5
26,2,5,23,2,5,2,2,1,2,3,3,2,2,1,9,96,"3,5",2,"20",5,1,0.307593777610919,0.880024296731842,0,-87
26,1,6,14,6,48,2,2,3,2,2,2,2,3,1,49,78,"6",1,"13,15,18",5,1,-0.849174186468035,0.37127871372956,0,-29
49,2,4,20,6,10,3,4,3,2,3,3,1,4,3,75,20,"3,5",2,"20",5,1,0.223651380427251,-0.844112212803283,0,55
42,2,4,14,2,10,4,5,2,1,5,4,2,4,2,75,34,"6",1,"20",2,1,2.1632106977539,-0.137466869272721,1,41
34,2,5,25,5,47,3,1,4,4,2,2,1,5,1,5,80,"3,5",1,"11,1,15,4,10",4,1,-2.48542976051532,-1.35285779580556,0,-75
40,1,2,19,1,33,6,2,1,3,3,6,1,3,3,34,78,"1,2",2,"20",1,0,-0.141146675855647,-0.335366629801002,0,-44
31,1,6,21,2,10,6,1,1,1,1,7,1,1,1,NA,82,"6",1,"1,14,3",5,1,-0.344111699929605,0.682124536203561,0,NA
45,1,5,18,5,33,4,2,2,2,3,3,1,3,4,10,40,"3,5",2,"20",2,1,-0.0827791552420761,-0.335366629801002,0,-30
40,2,6,20,2,23,4,1,2,2,1,4,1,5,4,71,NA,"3,5",2,"20",5,1,-1.18322508624917,-1.35285779580556,0,NA
34,1,4,18,6,21,5,4,2,2,4,6,1,4,2,84,NA,"3,5",2,"20",2,1,0.990046411653211,-0.844112212803283,1,NA
63,1,3,18,6,28,3,5,3,2,5,2,1,5,1,2,65,"6",1,"20",3,1,1.32409731143434,-1.35285779580556,0,-63
47,2,5,22,6,15,4,2,3,3,3,4,1,5,NA,50,50,"3,5",1,"20",1,0,-0.921892541561637,-1.35285779580556,NA,0
36,1,5,20,5,33,1,1,2,2,2,4,2,1,2,97,89,"2,3",1,"1,3",5,1,-0.807202987876201,1.38876987973412,1,8
36,1,5,20,5,33,2,2,1,3,2,3,1,2,2,89,61,"2,3",1,"1,3",5,1,-0.517168774228611,0.17337895320128,1,28
59,1,4,12,1,23,1,4,1,1,4,3,1,3,3,9,8,"3,5",1,"20",3,1,1.82915979797277,-0.335366629801002,0,1
24,1,5,21,2,48,7,1,2,2,2,5,2,2,2,91,62,"1,3,6",1,"1,3,8",5,1,-0.807202987876201,0.880024296731842,1,29
38,1,5,23,1,38,1,1,1,1,1,1,1,1,2,96,96,"6",1,"11,1,13,3,16,5,7",5,1,-0.344111699929605,0.682124536203561,1,0
23,2,4,12,5,11,4,2,2,2,4,4,1,5,4,16,16,"3,5",2,"11,1,16",2,1,0.293242943130888,-1.35285779580556,0,0
27,2,4,14,5,24,4,4,2,2,4,3,1,5,3,6,0,"3,5",2,"20",3,1,0.990046411653211,-1.35285779580556,0,6
23,1,4,15,5,39,5,3,2,1,3,4,5,1,3,7,2,"3,5",2,"20",4,1,0.714363032485651,3.50870591032581,0,5
38,1,5,18,4,47,1,1,1,1,1,4,1,1,1,96,100,"1,2",1,"11,1,16,18,8",3,1,-0.344111699929605,0.682124536203561,0,-4
34,1,6,19,2,5,1,1,2,1,1,1,1,2,2,97,84,"1",1,"1,13,14,4,6",2,1,-0.7344846327826,0.17337895320128,1,13
32,1,4,13,5,10,4,2,5,4,3,4,1,5,3,39,39,"3,5",2,"20",5,1,-2.15137886073419,-1.35285779580556,0,0
31,1,5,25,2,5,4,1,1,1,1,7,1,1,1,39,100,"1",1,"1,13,3,15,18",4,1,-0.344111699929605,0.682124536203561,0,-61
35,1,5,18,2,36,2,2,3,2,3,4,1,1,1,50,71,"3,5",1,"20",4,1,-0.473152088095071,0.682124536203561,0,-21
53,2,6,25,3,31,1,2,4,5,4,2,2,2,1,NA,90,"3,5",1,"20",2,1,-1.8337242829748,0.880024296731842,0,NA
32,1,6,16,2,33,2,2,4,3,4,4,1,3,1,13,60,"6",1,"20",3,1,-0.936243376041668,-0.335366629801002,0,-47
57,2,4,18,3,10,6,5,3,2,5,4,3,3,2,81,50,"6",2,"10",5,1,1.32409731143434,1.07792405726012,1,31
36,1,4,17,2,33,2,2,2,3,2,4,2,2,1,52,70,"5",2,"1,13",1,0,-0.907541707081606,0.880024296731842,0,-18
22,1,3,20,2,43,1,1,2,2,3,6,1,2,1,84,100,"6",1,"1,14",1,0,-0.431180889503237,0.17337895320128,0,-16
53,2,6,25,3,31,1,2,5,5,2,1,1,3,1,2,87,"3,5",1,"20",2,1,-2.97614141257372,-0.335366629801002,0,-85
21,2,4,13,6,13,7,2,4,4,2,6,1,5,3,21,24,"3,5",1,"20",3,1,-2.13702802625416,-1.35285779580556,0,-3
51,2,4,18,2,10,7,4,2,2,4,7,1,2,2,85,10,"3,5",2,"20",4,1,0.990046411653211,0.17337895320128,1,75
31,1,5,19,5,33,6,2,2,2,3,2,2,3,2,91,63,"3,5",2,"20",2,1,-0.0827791552420761,0.37127871372956,1,28
20,2,4,21,1,34,6,2,3,2,3,6,1,5,2,76,19,"3,5",2,"20",5,1,-0.473152088095071,-1.35285779580556,1,57
55,1,4,21,6,48,4,5,2,2,4,4,2,2,2,92,16,"3,5",2,"20",1,0,1.33844814591437,0.880024296731842,1,76
22,1,4,18,6,26,7,2,1,1,5,7,1,4,2,38,11,"3,5",1,"11,12,14,5,6,19",3,1,1.50837842782341,-0.844112212803283,1,27
47,2,5,18,1,32,6,2,4,4,3,6,1,5,3,56,1,"3,5",2,"20",5,1,-1.7610059278812,-1.35285779580556,0,55
36,1,5,21,2,5,2,4,3,2,4,3,2,1,1,64,90,"3,5",2,"20",4,1,0.599673478800215,1.38876987973412,0,-26
20,2,4,17,5,10,4,1,5,5,1,1,1,5,4,NA,28,"2",1,"12,2,14,4,6",2,1,-3.70056524520785,-1.35285779580556,0,NA
28,1,3,18,6,33,3,3,2,3,4,3,2,3,2,84,66,"3,5",2,"20",1,0,0.192904223925484,0.37127871372956,1,18
35,2,4,17,2,24,4,2,2,2,5,4,1,5,3,14,14,"3,5",2,"20",1,0,0.669265041503852,-1.35285779580556,0,0
23,2,4,19,5,21,4,4,4,2,4,4,3,2,2,100,NA,"1,2",1,"11,1,13,18,9",1,0,0.20930054594722,1.5866696402624,1,NA
35,1,2,19,6,31,2,3,2,2,2,1,2,1,1,27,93,"3,5",1,"20",4,1,-0.110399519353879,1.38876987973412,0,-66
35,2,4,24,2,10,1,2,2,2,2,1,2,2,1,10,100,"1",1,"1,18,8",5,1,-0.45880125361504,0.880024296731842,0,-90
23,2,5,3,5,34,2,1,5,5,1,1,1,5,1,0,80,"3,5",1,"20",2,1,-3.70056524520785,-1.35285779580556,0,-80
49,2,5,14,6,37,6,5,3,3,4,6,3,5,2,25,5,"3,5",2,"20",3,1,0.499334759594811,0.0604328912555598,1,20
31,2,6,18,3,39,2,2,3,2,4,3,1,3,1,8,67,"5",2,"20",1,0,-0.0971299897221069,-0.335366629801002,0,-59
53,2,6,21,1,5,4,5,1,1,3,3,1,5,1,4,55,"3,5",2,"20",3,1,1.80153943386097,-1.35285779580556,0,-51
24,2,2,12,2,50,4,5,5,3,5,4,1,5,4,NA,NA,"5",1,"11",4,1,0.0946109922617851,-1.35285779580556,0,NA
46,2,5,23,2,10,4,5,3,1,4,4,1,3,2,89,2,"3,5",2,"20",2,1,1.39681566652794,-0.335366629801002,1,87
52,2,4,16,1,6,5,5,2,2,3,4,1,3,2,80,10,"3,5",2,"20",2,1,0.962426047541408,-0.335366629801002,1,70
29,2,5,25,5,50,6,2,2,3,4,6,1,5,3,40,30,"3,5",2,"20",1,0,-0.155497510335678,-1.35285779580556,0,10
26,1,5,21,1,10,1,2,2,2,2,4,2,2,1,38,83,"6",1,"11,1,13,4,5,18,7",1,0,-0.45880125361504,0.880024296731842,0,-45
21,1,4,2,2,26,4,4,4,2,4,4,1,3,1,30,60,"3,5",2,"20",4,1,0.20930054594722,-0.335366629801002,0,-30
36,1,6,23,2,36,3,5,2,3,3,4,1,5,1,32,60,"3,5",1,"20",3,1,0.513685594074842,-1.35285779580556,0,-28
48,1,4,19,2,34,4,2,3,3,3,4,2,4,4,2,50,"3,5",1,"20",1,0,-0.921892541561637,-0.137466869272721,0,-48
24,2,4,12,6,24,7,5,1,1,5,7,1,3,3,39,1,"3,5",1,"20",5,1,2.5535836306069,-0.335366629801002,0,38
32,1,6,20,2,5,1,3,4,2,2,7,2,4,1,61,92,"6",1,"1,3,15,18,8",4,1,-0.891145385059869,-0.137466869272721,0,-31
51,1,5,17,5,50,2,3,4,4,2,3,1,3,1,1,81,"3,5",1,"20",4,1,-1.788626291993,-0.335366629801002,0,-80
18,2,3,12,5,45,4,2,2,1,4,7,1,3,2,100,0,"3,5",2,"20",5,1,0.741983396597454,-0.335366629801002,1,100
25,2,6,21,5,33,2,2,2,2,3,4,1,5,1,NA,63,"1,2,3,4,6",1,"20",3,1,-0.0827791552420761,-1.35285779580556,0,NA
42,2,6,24,1,37,2,4,3,3,3,4,1,3,1,5,92,"3,5",1,"1,13,3,15,18,8,9",4,1,-0.225089073039314,-0.335366629801002,0,-87
40,1,4,16,1,43,5,2,3,2,2,5,1,2,1,40,91,"3,5",1,"20",4,1,-0.849174186468035,0.17337895320128,0,-51
64,2,4,20,2,33,7,4,2,4,4,5,1,5,2,100,2,"3,5",2,"20",5,1,0.0925655047200793,-1.35285779580556,1,98
35,1,5,1,2,44,6,2,1,1,3,4,1,2,2,78,60,"2",1,"11,1,12,14,3,15,5,8",1,0,0.756334231077485,0.17337895320128,1,18
50,2,6,19,1,3,5,4,4,4,4,5,1,2,2,71,6,"3,5",2,"20",5,1,-0.688180360985911,0.17337895320128,1,65
32,1,5,21,2,31,2,2,4,4,2,2,1,4,2,81,74,"6",2,"1,18",4,1,-2.13702802625416,-0.844112212803283,1,7
33,2,6,13,6,5,4,2,5,5,1,2,1,5,1,NA,67,"3,5",NA,"",3,1,-3.35216351094669,-1.35285779580556,0,NA
58,2,3,7,1,20,5,1,1,1,5,4,3,1,2,100,44,"6",1,"20",3,1,1.15997669356225,2.09541522326469,1,56
63,1,4,21,5,41,5,4,2,1,3,5,2,2,2,60,0,"3,5",2,"20",3,1,1.06276476674681,0.880024296731842,1,60
54,2,5,20,1,11,6,2,4,3,4,5,3,3,2,77,NA,"6",2,"20",3,1,-0.936243376041668,1.07792405726012,1,NA
25,2,6,19,2,10,1,4,5,5,1,2,1,4,1,30,91,"1",1,"20",1,0,-2.65536004242436,-0.844112212803283,0,-61
44,1,5,22,3,10,5,2,3,2,4,5,2,2,2,88,15,"3,5",2,"20",3,1,-0.0971299897221069,0.880024296731842,1,73
32,2,5,20,2,24,6,3,2,2,2,6,1,3,2,75,0,"3,5",2,"20",5,1,-0.110399519353879,-0.335366629801002,1,75
34,1,6,20,1,38,1,2,1,1,2,1,1,4,1,39,100,"1,5,6",1,"11,1,13,3,6,18,8",3,1,0.38031213270452,-0.844112212803283,0,-61
27,1,5,19,5,33,4,2,2,1,2,4,1,3,1,64,74,"1,3",1,"20",4,1,-0.0100608001484745,-0.335366629801002,0,-10
54,1,5,19,1,13,7,5,2,1,5,6,3,1,2,81,0,"3",2,"20",4,1,2.1632106977539,2.09541522326469,1,81
53,2,6,18,3,21,1,1,3,3,2,2,1,3,1,0,72,"3,5",1,"20",5,1,-1.64631637419576,-0.335366629801002,0,-72
36,1,5,20,2,47,6,2,3,2,3,6,2,3,2,81,60,"3,5",2,"2,17",2,1,-0.473152088095071,0.37127871372956,1,21
32,2,5,7,1,34,5,5,2,2,4,5,3,3,2,65,NA,"3,5",2,"20",5,1,1.33844814591437,1.07792405726012,1,NA
49,2,4,10,1,39,7,4,2,1,5,7,2,3,2,85,2,"3,5",2,"20",3,1,1.81480896349274,0.37127871372956,1,83
36,1,3,17,3,48,4,2,2,3,3,4,3,3,1,4,33,"1",1,"5",4,1,-0.531519608708642,1.07792405726012,0,-29
34,1,6,18,2,33,2,2,1,2,3,3,1,1,1,40,100,"1,6",1,"11,1,3,15,18,8",4,1,0.307593777610919,0.682124536203561,0,-60
37,1,6,21,6,5,5,2,1,2,1,5,1,2,1,39,51,"1",1,"13,15,4,17,8",5,1,-0.444450419135009,0.17337895320128,0,-12
35,2,6,24,2,33,1,2,2,1,2,5,2,3,1,50,75,"3,5",1,"1,16,18,8",3,1,-0.0100608001484745,0.37127871372956,0,-25
27,2,6,9,2,33,2,3,2,3,3,4,1,3,1,58,68,"6",2,"1",2,1,-0.183117874447481,-0.335366629801002,0,-10
25,1,4,25,5,5,4,3,3,3,3,4,3,3,4,6,5,"3,5",2,"20",3,1,-0.573490807300476,1.07792405726012,0,1
47,1,5,25,2,33,5,4,4,2,2,4,2,3,1,1,48,"3,5",2,"20",2,1,-0.542743650798708,0.37127871372956,0,-47
35,1,6,25,6,5,1,5,1,1,3,1,1,1,1,80,36,"1",2,"1,3",2,1,1.80153943386097,0.682124536203561,0,44
36,1,6,24,2,33,2,4,4,4,4,6,2,2,1,44,92,"1",2,"",4,1,-0.688180360985911,0.880024296731842,0,-48
48,2,4,15,6,43,5,5,5,1,1,4,5,1,1,27,87,"3,5",1,"20",4,1,-0.51199649429694,3.50870591032581,0,-60
47,2,5,13,5,10,4,5,2,1,5,4,4,1,2,14,0,"3,5",2,"20",1,0,2.1632106977539,2.80206056679525,1,14
33,2,3,17,2,24,7,4,3,3,3,4,1,5,2,67,NA,"4",2,"20",4,1,-0.225089073039314,-1.35285779580556,1,NA
40,2,3,17,2,10,6,4,2,1,5,6,2,1,2,100,30,"3,5",2,"20",1,0,1.81480896349274,1.38876987973412,1,70
33,1,6,21,1,48,5,1,1,1,1,5,1,1,2,94,76,"3,5",1,"20",2,1,-0.344111699929605,0.682124536203561,1,18
48,1,6,19,2,5,1,4,4,2,4,1,1,3,1,61,100,"6",1,"1,5,18",2,1,0.20930054594722,-0.335366629801002,0,-39
33,1,6,18,6,5,2,1,1,1,1,4,1,1,1,73,93,"2,6",1,"1,3,16,5,18,9",2,1,-0.344111699929605,0.682124536203561,0,-20
26,1,3,19,2,10,2,2,2,2,1,4,3,2,1,63,91,"3,5",1,"13,15,8",5,1,-0.834823351988004,1.5866696402624,0,-28
32,2,4,20,2,33,4,3,2,2,4,4,2,2,1,18,80,"5,6",2,"11,18,9",3,1,0.641644677392049,0.880024296731842,0,-62
47,2,4,19,1,47,6,4,3,2,5,6,1,3,3,48,51,"3,5",2,"20",4,1,0.97569557717318,-0.335366629801002,0,-3
43,1,4,11,5,23,4,5,1,1,5,4,2,2,2,72,0,"6",2,"20",5,1,2.5535836306069,0.880024296731842,1,72
36,1,6,18,2,33,3,2,2,2,2,4,2,2,1,43,90,"6",1,"1,13,18,8",4,1,-0.45880125361504,0.880024296731842,0,-47
18,1,3,13,5,38,1,2,4,2,1,1,1,5,3,0,5,"3,5",1,"20",5,1,-1.61556921769399,-1.35285779580556,0,-5
27,1,6,17,2,33,2,2,2,3,3,3,1,2,2,85,43,"1",1,"11,1,12,16,6,19,8",3,1,-0.531519608708642,0.17337895320128,1,42
35,2,4,20,5,44,5,3,4,3,2,4,1,5,3,NA,NA,"4",2,"20",4,1,-1.33988583852643,-1.35285779580556,0,NA
32,2,6,19,2,3,1,1,1,1,1,1,1,1,2,100,10,"1",2,"1,13,3,8,9",3,1,-0.344111699929605,0.682124536203561,1,90
53,2,4,24,1,7,3,5,4,2,4,3,1,5,1,10,30,"3,5",2,"20",3,1,0.557702280208382,-1.35285779580556,0,-20
43,1,3,24,2,33,4,3,4,1,2,1,1,1,3,12,81,"1",1,"1",2,1,-0.442404931593304,0.682124536203561,0,-69
18,2,2,15,NA,4,7,4,2,2,4,6,5,1,2,63,NA,"5",2,"19,8,9,10",4,1,0.990046411653211,3.50870591032581,1,NA
32,1,5,25,2,14,6,2,2,3,3,4,2,3,2,73,62,"3,5",2,"1,17",4,1,-0.531519608708642,0.37127871372956,1,11
35,2,6,23,3,14,5,4,3,2,3,5,1,5,3,21,36,"3,5",1,"20",4,1,0.223651380427251,-1.35285779580556,0,-15
34,1,5,20,2,5,1,2,1,3,2,4,3,1,2,99,32,"1",1,"1,15,16",5,1,-0.517168774228611,2.09541522326469,1,67
40,1,6,19,2,17,1,4,1,1,2,NA,1,4,1,81,100,"1",1,"11,12,14,15,17,18,1,4,5,6,7,8,9,10",5,1,1.07711560122684,-0.844112212803283,0,-19
35,1,6,24,2,14,1,1,2,1,1,1,1,1,2,75,98,"2",1,"1,12,4,16,8",2,1,-0.7344846327826,0.682124536203561,1,-23
22,2,4,11,6,23,5,4,2,2,3,5,2,3,2,75,63,"6",2,"19,20",3,1,0.614024313280246,0.37127871372956,1,12
35,2,5,24,5,11,3,2,5,5,2,2,1,5,1,NA,86,"5",1,"20",3,1,-2.97614141257372,-1.35285779580556,0,NA
36,2,5,11,5,41,4,5,2,2,3,4,1,5,4,35,35,"3,5",1,"20",1,0,0.962426047541408,-1.35285779580556,0,0
54,1,1,1,1,3,4,1,1,1,1,1,1,1,1,25,57,"1",1,"11,1,13,18",3,1,-0.344111699929605,0.682124536203561,0,-32
40,2,5,20,1,48,2,2,5,4,2,2,1,3,1,2,80,"3",1,"20",2,1,-2.52740095910716,-0.335366629801002,0,-78
29,2,4,11,2,1,2,2,2,1,2,2,2,1,2,59,77,"1",1,"1,13,16,6",2,1,-0.0100608001484745,1.38876987973412,1,-18
18,2,4,18,2,36,4,2,4,2,2,4,1,5,1,1,62,"6",1,"4",1,0,-1.23954711932103,-1.35285779580556,0,-61
38,1,5,18,6,47,1,3,2,3,2,1,1,1,1,NA,100,"1",1,"20",5,1,-0.559139972820445,0.682124536203561,0,NA
29,1,6,19,6,34,3,3,3,3,4,3,1,3,1,40,41,"3,5",1,"20",5,1,-0.197468708927511,-0.335366629801002,0,-1
21,2,4,13,5,10,1,1,5,5,1,1,1,5,1,NA,80,"3,5",1,"20",3,1,-3.70056524520785,-1.35285779580556,0,NA
23,1,4,14,5,10,2,2,2,2,5,3,1,4,4,4,8,"3,5",1,"20",4,1,0.669265041503852,-0.844112212803283,0,-4
30,1,6,17,6,39,1,2,3,3,2,6,2,1,1,0,100,"6",1,"1,18",2,1,-1.2979146399346,1.38876987973412,0,-100
25,1,6,20,2,44,6,2,1,2,2,6,2,2,2,77,45,"2",1,"13,3,17,6,8",4,1,-0.0684283207620452,0.880024296731842,1,32
46,2,5,17,1,22,5,4,2,2,5,5,2,2,2,81,2,"5",2,"20",3,1,1.36606851002617,0.880024296731842,1,79
30,1,6,20,2,10,7,2,2,1,3,3,2,2,2,71,71,"1",2,"18",1,0,0.36596129822449,0.880024296731842,1,0
35,1,5,24,2,5,1,1,1,1,1,4,1,1,1,68,100,"1",2,"1,3,16,5,18",3,1,-0.344111699929605,0.682124536203561,0,-32
28,2,5,23,2,31,5,2,4,2,2,2,1,4,2,73,27,"3,5",2,"11,16",3,1,-1.23954711932103,-0.844112212803283,1,46
39,1,5,18,2,47,7,2,2,1,2,4,1,1,2,83,30,"3,5",1,"20",3,1,-0.0100608001484745,0.682124536203561,1,53
35,2,6,14,2,10,1,1,3,4,5,1,4,4,1,19,97,"1",1,"1",5,1,-0.966990532543435,1.2758238177884,0,-78
32,2,5,15,5,6,2,2,5,5,2,3,1,5,1,2,85,"3,5",1,"20",2,1,-2.97614141257372,-1.35285779580556,0,-83
20,2,4,21,5,31,3,1,5,5,2,2,1,5,1,2,40,"3,5",1,"20",2,1,-3.32454314683488,-1.35285779580556,0,-38
23,2,5,25,1,41,7,5,2,1,5,6,1,3,2,73,0,"3,5",2,"20",2,1,2.1632106977539,-0.335366629801002,1,73
30,1,2,24,2,14,7,2,2,2,2,4,2,2,2,75,50,"1,2,6",1,"1,3,15,5,18",3,1,-0.45880125361504,0.880024296731842,1,25
43,2,3,17,2,10,4,3,3,3,3,4,3,3,3,40,40,"3,5",1,"20",1,0,-0.573490807300476,1.07792405726012,0,0
46,2,4,13,6,15,4,5,3,1,3,4,1,3,2,89,NA,"3,5",2,"20",3,1,1.02079356815498,-0.335366629801002,1,NA
32,1,5,18,1,5,5,2,2,2,1,6,2,2,2,92,73,"2",1,"1",2,1,-0.834823351988004,0.880024296731842,1,19
35,1,6,24,2,5,2,1,2,1,2,4,1,2,2,90,100,"1,4",1,"12,3,16",1,0,-0.358462534409636,0.17337895320128,1,-10
30,2,4,15,2,36,4,2,1,1,2,4,1,2,2,36,NA,"4",2,"20",1,0,0.38031213270452,0.17337895320128,1,NA
24,1,6,23,5,48,3,1,1,1,1,3,1,1,1,90,51,"1,6",1,"1,3",1,0,-0.344111699929605,0.682124536203561,0,39
32,1,6,20,6,21,4,1,4,3,2,4,1,5,4,12,12,"2",2,"20",3,1,-2.03668930704876,-1.35285779580556,0,0
21,2,4,5,1,37,7,2,2,2,1,6,1,5,2,100,0,"3,5",2,"20",2,1,-0.834823351988004,-1.35285779580556,1,100
36,1,3,18,1,5,4,2,2,2,2,4,2,2,2,62,65,"1,6",1,"1",5,1,-0.45880125361504,0.880024296731842,1,-3
36,1,2,NA,2,33,5,2,2,2,2,5,2,2,2,72,70,"1",2,"2,16",4,1,-0.45880125361504,0.880024296731842,1,2
45,2,5,21,1,47,1,1,4,5,1,2,1,5,1,13,95,"3,5",1,"20",3,1,-3.31019231235485,-1.35285779580556,0,-82
38,1,6,6,6,37,3,1,5,5,1,1,1,5,1,NA,68,"3,5",1,"20",2,1,-3.70056524520785,-1.35285779580556,0,NA
28,1,6,20,5,5,4,1,1,1,2,4,1,1,1,1,63,"3,5",1,"20",5,1,0.0319103984433592,0.682124536203561,0,-62
36,1,6,18,2,14,1,3,3,3,2,6,2,3,1,5,100,"3,5",1,"1",3,1,-0.94951290567344,0.37127871372956,0,-95
46,2,6,21,2,36,3,3,3,2,4,4,1,2,1,1,81,"6",2,"20",1,0,0.251271744539054,0.17337895320128,0,-80
30,2,5,19,2,5,3,1,2,3,1,7,1,2,2,100,45,"3,5",1,"1,13,16,18,8",3,1,-1.63196553971573,0.17337895320128,1,55
39,2,3,7,5,26,5,2,2,2,2,4,1,5,3,78,100,"3,5",2,"20",3,1,-0.45880125361504,-1.35285779580556,0,-22
25,1,4,19,4,10,6,5,2,1,5,6,1,1,4,74,0,"3,5",2,"20",5,1,2.1632106977539,0.682124536203561,0,74
32,1,5,19,2,33,2,2,2,2,2,5,2,2,1,14,15,"1",1,"1,13,3,18",3,1,-0.45880125361504,0.880024296731842,0,-1
52,2,5,16,1,25,7,5,1,1,5,7,1,3,2,90,7,"4",2,"11,1,15,8,9",3,1,2.5535836306069,-0.335366629801002,1,83
24,2,3,11,5,43,4,1,4,4,3,4,1,5,4,54,47,"3,5",1,"12,14,6,19",5,1,-2.10940766214236,-1.35285779580556,0,7
30,2,6,23,5,9,1,1,5,5,1,2,1,5,1,3,100,"3,5",1,"20",3,1,-3.70056524520785,-1.35285779580556,0,-97
21,1,4,25,2,10,4,2,3,3,2,3,1,4,1,75,79,"3,5",1,"14,10",1,0,-1.2979146399346,-0.844112212803283,0,-4
25,2,3,14,6,7,4,3,3,3,3,4,1,5,1,NA,100,"6",1,"20",5,1,-0.573490807300476,-1.35285779580556,0,NA
44,1,2,24,5,31,4,5,1,1,3,4,1,3,2,90,0,"3,5",2,"20",2,1,1.80153943386097,-0.335366629801002,1,90
28,2,4,19,2,6,3,2,3,2,3,1,1,5,3,0,50,"3,5",1,"20",4,1,-0.473152088095071,-1.35285779580556,0,-50
47,2,5,13,2,24,1,1,4,3,2,1,1,3,1,NA,68,"5",1,"20",1,0,-2.03668930704876,-0.335366629801002,0,NA
35,2,4,24,2,10,6,1,2,1,1,1,1,1,1,7,100,"1",2,"11,1",2,1,-0.7344846327826,0.682124536203561,0,-93
21,1,4,17,6,23,6,2,2,1,4,5,1,4,2,68,20,"6",1,"11,1,14,5,17",4,1,0.741983396597454,-0.844112212803283,1,48
41,2,6,20,5,44,3,2,4,3,3,3,1,4,4,0,69,"5",2,"11,1,16",2,1,-1.31226547441463,-0.844112212803283,0,-69
19,1,4,16,2,28,2,4,5,4,2,2,1,5,1,0,80,"3,5",1,"20",1,0,-1.83059749058483,-1.35285779580556,0,-80
40,2,5,19,6,39,2,4,3,4,3,3,1,4,1,4,70,"3,5",1,"20",1,0,-0.67382952650588,-0.844112212803283,0,-66
38,2,5,11,5,23,4,5,1,1,4,4,1,5,4,21,NA,"3,5",2,"20",5,1,2.17756153223393,-1.35285779580556,0,NA
33,2,6,19,2,47,2,4,4,2,3,3,1,4,1,33,67,"3,5",1,"20",4,1,-0.166721552425744,-0.844112212803283,0,-34
31,2,6,19,2,10,2,2,2,2,2,2,2,2,1,22,92,"1,6",1,"11,13,2,3,10",3,1,-0.45880125361504,0.880024296731842,0,-70
42,2,2,8,6,11,4,5,3,3,3,4,1,5,4,87,17,"3,5",2,"20",4,1,0.123312661221847,-1.35285779580556,0,70
34,2,4,25,1,10,7,3,3,3,3,4,3,3,2,85,57,"1",1,"1",1,0,-0.573490807300476,1.07792405726012,1,28
19,1,3,4,2,6,3,1,2,2,1,2,1,2,1,89,71,"1",1,"13,2,4,17,7",4,1,-1.18322508624917,0.17337895320128,0,18
35,1,3,16,4,48,3,4,3,1,2,3,3,2,2,65,38,"1",1,"14,18,8",2,1,0.296369735520853,1.5866696402624,1,27
35,1,6,24,5,5,2,1,1,2,1,4,1,1,1,19,100,"",1,"1,12,3",3,1,-0.792852153396171,0.682124536203561,0,-81
50,2,4,3,6,3,3,5,1,1,5,4,1,3,2,81,3,"3,5",2,"20",1,0,2.5535836306069,-0.335366629801002,1,78
26,1,5,25,2,31,2,3,2,3,2,2,2,3,1,12,87,"6",1,"14,3,18,8",5,1,-0.559139972820445,0.37127871372956,0,-75
30,1,6,19,2,38,3,4,2,2,4,4,3,2,NA,NA,NA,"",NA,"",NA,NA,0.990046411653211,1.5866696402624,NA,NA
46,1,6,12,5,3,7,4,4,2,2,1,5,1,2,73,23,"1",1,"11,1",5,1,-0.542743650798708,3.50870591032581,1,50
20,1,4,23,6,22,5,1,4,4,3,5,1,3,3,28,3,"3,5",2,"20",2,1,-2.10940766214236,-0.335366629801002,0,25
25,2,4,11,6,44,6,2,4,3,2,5,1,5,2,10,100,"3,5",1,"20",5,1,-1.6882875727876,-1.35285779580556,1,-90
22,2,4,9,5,50,3,1,4,3,2,3,1,3,3,0,30,"3,5",1,"20",3,1,-2.03668930704876,-0.335366629801002,0,-30
25,1,6,15,4,5,4,2,2,4,2,4,1,2,1,0,81,"1,3,6",1,"12,4,7,19,10",4,1,-1.35628216054817,0.17337895320128,0,-81
35,2,5,14,6,43,7,4,2,2,3,7,3,2,2,89,23,"5",2,"16,17,18",5,1,0.614024313280246,1.5866696402624,1,66
30,1,6,19,2,33,1,1,1,1,1,1,1,1,1,30,100,"6",1,"11,1,13,14",4,1,-0.344111699929605,0.682124536203561,0,-70
23,2,4,17,5,48,3,2,4,3,2,3,1,5,1,7,76,"3,5",1,"20",4,1,-1.6882875727876,-1.35285779580556,0,-69
53,2,3,11,6,11,1,2,3,2,4,4,1,3,1,NA,100,"3,5",1,"20",5,1,-0.0971299897221069,-0.335366629801002,0,NA
42,1,5,17,4,23,3,2,2,2,3,4,2,2,1,61,92,"1,2,3,5,6",1,"1,13,18",3,1,-0.0827791552420761,0.880024296731842,0,-31
35,2,6,24,5,10,6,2,2,2,2,6,3,2,2,31,76,"2",1,"1,12,3,5",3,1,-0.45880125361504,1.5866696402624,1,-45
24,2,6,13,5,48,3,2,4,3,3,2,1,5,1,1,65,"3,5",1,"20",5,1,-1.31226547441463,-1.35285779580556,0,-64
26,1,3,14,2,10,6,3,2,2,2,6,2,2,1,88,NA,"1",1,"3",5,1,-0.110399519353879,0.880024296731842,0,NA
29,2,5,14,3,33,2,1,4,4,2,3,1,5,1,NA,81,"2,6",1,"1,2,4,17,8",2,1,-2.48542976051532,-1.35285779580556,0,NA
43,1,5,19,1,34,5,3,3,2,4,5,1,2,4,NA,NA,"3,5",2,"20",1,0,0.251271744539054,0.17337895320128,0,NA
55,1,5,20,2,18,5,4,3,3,4,5,1,5,4,2,6,"3,5",2,"20",1,0,0.15093302533365,-1.35285779580556,0,-4
22,2,5,13,5,6,4,2,3,3,2,4,1,3,4,6,7,"5",1,"20",2,1,-1.2979146399346,-0.335366629801002,0,-1
21,2,5,13,2,38,4,5,3,2,1,5,1,5,1,0,65,"3,5",2,"20",3,1,-0.179991082057516,-1.35285779580556,0,-65
30,2,5,17,5,30,1,1,4,4,1,1,1,5,1,0,40,"3,5",1,"20",2,1,-2.86145185888829,-1.35285779580556,0,-40
36,1,5,20,5,19,3,2,2,3,3,3,1,5,3,10,60,"3,5",1,"20",5,1,-0.531519608708642,-1.35285779580556,0,-50
35,2,3,17,1,33,4,2,1,3,2,2,2,1,1,4,81,"1",1,"1,15,6",4,1,-0.517168774228611,1.38876987973412,0,-77
22,2,5,19,5,48,4,2,5,3,2,4,1,5,4,57,50,"6",2,"2,14,16,17,10",5,1,-2.07866050564059,-1.35285779580556,0,7
31,2,5,13,4,13,3,3,4,3,3,4,1,3,4,2,90,"1,2,4",1,"14,4,5,6,19,10",5,1,-0.963863740153471,-0.335366629801002,0,-88
26,2,6,19,5,2,3,2,2,2,2,7,1,3,1,33,79,"3,5",2,"20",1,0,-0.45880125361504,-0.335366629801002,0,-46
45,1,4,15,5,17,1,1,5,5,1,1,1,5,1,12,74,"3,5",1,"20",1,0,-3.70056524520785,-1.35285779580556,0,-62
22,1,4,6,5,24,4,4,2,3,2,2,1,5,4,29,56,"3,5",2,"20",1,0,-0.210738238559284,-1.35285779580556,0,-27
27,1,5,24,2,14,5,2,2,1,2,4,1,2,1,83,57,"3,5",1,"2,14,17,6",1,0,-0.0100608001484745,0.17337895320128,0,26
27,1,5,21,2,33,5,1,2,2,1,4,1,1,1,90,73,"6",1,"1,3",2,1,-1.18322508624917,0.682124536203561,0,17
24,2,4,17,6,24,NA,4,5,4,3,4,1,5,NA,NA,NA,"",NA,"",NA,NA,-1.45457539221187,-1.35285779580556,NA,NA
37,1,3,17,2,5,3,2,3,2,1,4,2,1,1,50,80,"2",2,"16,18",5,1,-1.225196284841,1.38876987973412,0,-30
22,2,5,16,5,29,2,2,3,2,3,2,1,5,1,7,92,"4",1,"1,13,3,18,8",4,1,-0.473152088095071,-1.35285779580556,0,-85
32,2,6,25,6,33,4,5,4,4,3,4,2,5,3,64,82,"2,5,6",1,"11,14",3,1,-0.715800725097714,-0.646212452275002,0,-18
